Growth Rate of Per Capita GDP at constant 2020 prices in US Dollars (all countries),,,,,,,,,,,,,,,,,,,,,,,,,,,,,,,,,,,,,,,,,,,,,,,,,,,,,,,
,,,,,,,,,,,,,,,,,,,,,,,,,,,,,,,,,,,,,,,,,,,,,,,,,,,,,,,
CountryID,Country,1971,1972,1973,1974,1975,1976,1977,1978,1979,1980,1981,1982,1983,1984,1985,1986,1987,1988,1989,1990,1991,1992,1993,1994,1995,1996,1997,1998,1999,2000,2001,2002,2003,2004,2005,2006,2007,2008,2009,2010,2011,2012,2013,2014,2015,2016,2017,2018,2019,2020,2021,2022,2023,2024
4,Afghanistan,-2.7,-18.4,0.3,2.8,3.7,3.2,-7.0,5.3,-2.9,-0.2,12.7,10.8,5.6,-0.6,-1.8,3.1,-10.0,-9.4,-9.8,-4.5,-12.3,-6.3,-33.3,-28.5,42.8,-9.0,-8.7,-8.1,-8.3,-6.6,-6.4,56.6,1.0,-2.0,5.3,4.0,23.9,-9.3,12.2,-0.5,4.0,5.7,2.1,-1.4,-5.5,0.2,-1.1,-1.1,7.5,-5.1,-22.6,-7.6,0.1,-1.1
8,Albania,1.5,1.5,1.6,1.6,1.7,1.7,1.6,2.0,1.8,1.2,3.7,0.9,-0.9,-3.2,-0.3,3.5,-2.7,-3.4,8.2,-10.5,-28.1,-7.2,9.7,8.6,3.0,7.8,-11.3,9.0,13.0,8.2,9.5,5.1,5.9,5.9,5.9,6.9,7.5,8.0,3.8,4.1,3.1,1.0,1.8,2.4,2.4,3.9,3.3,3.8,2.4,-2.9,9.8,5.6,4.6,4.8
12,Algeria,-11.5,19.5,1.9,1.3,2.1,1.5,5.5,7.1,4.3,-2.3,-0.3,2.9,1.9,2.1,0.2,-2.9,-3.7,-3.7,1.7,-1.7,-3.5,-0.6,-4.4,-3.1,1.7,2.1,0.8,5.0,3.3,3.9,3.2,4.0,5.1,3.1,3.8,1.3,1.4,0.6,-0.8,2.8,1.0,0.4,0.5,2.0,1.1,1.8,-0.5,-0.5,-0.9,-6.6,2.1,2.0,2.5,2.2
20,Andorra,-2.5,1.0,0.9,-0.9,-5.4,-2.5,-2.7,-3.6,-4.5,-2.0,-3.9,-2.9,-2.7,-2.3,-1.3,-1.1,1.3,1.3,2.3,-0.1,-4.8,-5.0,-5.8,0.3,3.9,2.5,7.9,2.1,3.6,1.2,7.8,3.5,4.0,1.1,1.2,2.0,-1.3,-7.4,-5.7,1.9,3.7,-3.8,-1.4,4.5,3.6,3.7,-1.8,-0.3,0.3,-12.2,6.9,7.7,1.1,2.0
24,Angola,3.6,-2.8,4.5,-0.4,-8.2,-8.3,-2.5,-8.5,-3.2,-1.2,-7.8,-3.6,0.4,2.1,-0.2,-0.5,3.3,2.9,-2.2,-3.0,-1.5,-8.1,-25.8,-1.1,12.1,10.7,4.6,2.1,-0.3,0.5,0.6,11.6,-0.1,7.5,10.1,7.8,8.9,6.7,-1.8,1.3,-0.4,4.4,0.9,0.8,-2.8,-5.2,-3.6,-4.0,-3.5,-7.1,-1.1,1.0,-1.8,1.3
660,Anguilla,-3.4,10.7,3.5,-0.7,3.1,1.2,-0.1,7.2,9.2,4.7,3.5,-1.5,-0.2,3.0,9.4,8.6,6.6,11.3,4.4,20.9,-21.0,24.7,4.6,5.3,-4.8,-0.1,7.8,7.5,0.9,-1.5,-1.9,-6.7,4.4,12.4,10.0,16.5,11.9,-2.7,-19.7,-6.8,1.6,-3.4,0.2,1.7,1.6,-5.5,-7.0,5.8,6.0,-29.5,13.6,32.0,-0.3,0.5
28,Antigua and Barbuda,7.1,7.6,9.0,3.9,-5.2,-8.8,7.1,3.2,10.4,6.3,4.7,0.2,6.6,7.5,8.2,8.9,9.3,8.1,5.7,3.4,1.7,-0.4,3.4,4.7,-6.2,4.4,3.3,2.8,1.9,-0.5,-4.7,1.6,4.8,4.2,6.7,11.4,10.4,1.7,-11.2,-6.9,-0.8,2.3,-1.5,1.4,0.7,3.5,2.1,6.2,2.7,-19.3,7.6,8.5,2.8,2.0
32,Argentina,2.1,0.5,2.1,3.7,-2.2,-1.6,4.7,-4.8,5.3,-0.2,-6.9,-4.7,2.5,0.4,-8.4,5.5,1.0,-3.5,-8.4,-2.8,8.9,8.8,4.8,4.4,-4.1,4.2,6.8,2.6,-4.5,-1.9,-5.5,-11.8,7.7,7.9,7.7,6.9,7.9,3.0,-6.9,9.0,4.9,-2.0,1.4,-3.5,1.7,-3.0,1.9,-3.4,-2.7,-10.3,10.1,5.8,-2.1,-1.7
51,Armenia,,,,,,,,,,,,,,,,,,,,,-13.2,-41.1,-5.7,8.1,8.7,6.8,4.4,8.6,4.6,7.3,11.0,16.1,14.7,11.1,14.5,13.8,14.3,7.5,-13.7,2.7,4.9,7.2,3.3,3.6,3.3,0.3,7.7,5.4,7.9,-6.7,6.6,12.2,6.0,4.8
533,Aruba,9.4,8.9,8.1,7.8,7.8,8.3,8.7,8.7,8.8,8.8,8.7,8.4,8.3,8.4,8.8,9.2,16.5,19.0,11.8,2.3,4.5,2.3,4.0,4.7,-0.8,-2.1,4.3,3.3,-2.0,1.8,-3.3,-1.1,-0.5,6.5,0.1,-0.2,2.1,-2.5,-10.9,-3.9,0.3,-2.4,5.9,0.6,2.8,0.5,2.7,2.5,0.6,-24.2,14.5,4.9,7.6,6.7
36,Australia,0.7,0.3,2.5,-0.1,1.3,2.5,-0.2,2.9,1.9,2.0,1.8,-3.8,3.1,3.9,2.6,1.1,4.1,2.2,1.9,-1.9,-0.9,2.9,3.0,2.9,2.7,2.7,3.5,3.9,2.8,0.8,2.7,1.9,3.0,2.0,1.5,2.3,1.8,-0.1,0.3,0.7,2.4,0.9,0.9,0.6,1.2,0.7,1.2,0.6,-1.5,1.1,3.4,2.5,0.5,0.1
40,Austria,4.6,5.6,4.3,3.8,-0.1,4.8,5.0,-0.1,5.5,1.7,-0.4,1.9,3.1,0.1,2.4,2.2,1.3,3.1,3.4,3.5,2.4,1.0,-0.3,2.0,2.5,2.1,2.0,3.4,3.6,2.9,0.9,1.0,0.6,1.9,1.6,2.8,3.4,1.1,-3.8,1.6,2.6,0.2,-0.8,0.0,0.2,1.0,1.6,2.0,1.3,-6.7,4.4,4.2,-1.5,-0.6
31,Azerbaijan,,,,,,,,,,,,,,,,,,,,,-1.8,-23.6,-24.1,-20.8,-13.1,-0.2,4.4,8.8,6.4,10.1,8.9,9.6,10.2,9.0,24.8,32.7,23.4,9.3,8.0,3.8,-1.1,0.9,4.4,1.4,-0.1,-4.3,-0.9,0.8,0.5,-6.1,5.1,4.0,1.2,3.9
44,Bahamas,-1.5,-6.1,5.0,-18.6,-16.6,2.9,6.8,11.8,23.7,4.5,-10.8,4.9,1.9,12.3,3.1,0.1,1.3,0.6,4.9,-3.3,-5.8,-5.6,-1.6,1.4,2.7,2.6,5.9,3.2,5.7,2.8,1.4,1.5,-2.4,-0.4,2.2,1.2,0.0,-3.6,-5.4,0.2,-0.5,2.1,-3.8,1.0,0.2,-1.8,2.7,1.8,-1.3,-20.3,17.4,10.6,2.6,2.9
48,Bahrain,-1.0,5.9,8.0,2.9,-13.4,24.1,7.6,-1.0,-1.2,-1.9,-10.3,-10.7,4.8,1.2,-19.0,-2.4,-1.7,5.1,-1.2,1.1,1.2,4.7,9.9,-4.7,-0.7,0.7,-0.2,2.4,3.5,4.6,-2.0,-3.8,-1.4,-0.4,-0.2,0.7,2.7,1.1,-2.1,2.6,2.5,3.0,1.9,-0.1,-1.7,-0.5,1.2,1.0,2.9,-5.7,3.1,4.0,1.5,0.2
50,Bangladesh,-7.1,-15.6,0.4,6.5,-6.6,3.0,0.1,4.5,2.3,-1.6,0.8,-1.5,2.1,2.8,0.5,1.9,1.9,0.7,0.4,4.5,1.4,2.3,2.6,2.2,3.0,2.7,3.5,3.3,2.9,4.0,3.5,2.8,3.7,4.8,4.6,5.4,7.8,6.9,6.0,6.6,7.4,7.4,6.9,7.0,7.5,8.1,5.7,6.4,7.0,2.6,6.1,6.0,4.5,3.0
52,Barbados,4.0,1.1,1.1,-4.8,3.8,4.2,3.6,4.9,8.0,4.3,-2.2,-5.2,0.2,3.2,0.7,4.8,2.3,3.3,3.5,-3.5,-4.2,-7.3,0.9,3.5,1.9,3.9,4.7,3.7,0.3,4.6,-2.5,0.1,1.5,0.8,3.4,5.2,6.4,4.8,-1.2,1.8,-0.4,-3.1,-0.1,0.6,-1.0,1.2,0.4,-0.4,0.1,-17.5,7.8,15.9,1.8,3.3
112,Belarus,,,,,,,,,,,,,,,,,,,,,-1.5,-9.9,-7.8,-11.6,-10.2,3.1,11.9,8.9,3.9,6.3,5.3,5.7,7.8,12.2,10.2,10.7,9.1,10.6,0.4,7.9,5.7,1.9,0.9,1.7,-4.0,-2.6,2.6,3.3,1.9,0.2,3.5,-3.9,4.8,4.6
56,Belgium,3.4,4.9,5.9,4.0,-1.5,5.5,0.5,2.7,2.1,4.2,-0.5,0.5,0.2,2.4,1.6,1.8,2.2,4.5,3.3,2.9,1.4,1.1,-1.3,2.9,2.2,1.1,3.5,1.7,3.3,3.5,0.8,1.3,0.6,3.1,1.8,1.9,2.9,-0.3,-2.8,1.5,1.0,-0.4,-0.2,1.3,0.9,0.7,1.1,1.4,1.9,-5.2,5.9,3.6,0.6,0.8
84,Belize,4.9,3.1,-2.0,7.8,-1.0,-2.7,2.0,5.7,1.7,1.9,-1.2,-2.7,-4.5,-0.4,-1.3,2.3,15.6,13.4,17.4,12.9,9.4,10.4,4.0,-2.1,-1.8,-1.9,0.8,0.3,5.7,8.6,1.8,2.3,6.4,1.7,-0.7,1.6,0.5,-4.3,-3.1,-1.0,-2.3,1.7,1.9,1.7,0.6,-2.3,-4.1,-1.0,2.7,-14.6,16.6,7.2,-1.5,2.0
204,Benin,-0.2,7.3,1.9,4.3,-9.1,-1.1,1.7,-3.1,5.2,6.4,2.7,7.6,-7.1,4.8,4.4,-0.9,-4.4,-0.1,-3.7,5.7,1.1,-0.2,1.2,-1.7,7.8,9.9,11.0,9.0,10.4,2.7,2.2,1.5,0.3,1.3,-1.5,0.8,2.9,1.8,-0.7,-0.9,-0.1,1.7,4.1,3.3,-1.2,0.4,2.6,3.7,4.2,1.0,4.4,3.6,3.7,4.8
60,Bermuda,2.5,1.4,1.2,0.7,3.6,8.8,2.3,1.8,6.4,3.5,-4.1,-0.6,0.1,-2.7,3.5,3.8,3.3,0.5,-0.6,-3.4,-0.5,-3.4,1.7,0.9,4.8,3.4,4.0,3.1,2.6,2.3,6.7,-1.9,3.0,2.1,1.4,4.4,6.3,3.9,-3.4,0.3,-3.8,-5.2,-0.2,-3.6,0.9,-0.6,3.4,-0.8,-0.1,-7.2,4.2,6.3,5.0,1.1
64,Bhutan,-0.8,-2.2,-1.9,1.6,-6.5,5.3,4.3,3.5,1.3,1.6,7.9,-1.0,4.7,2.9,2.5,10.7,27.4,2.9,4.5,8.4,-1.0,7.6,6.3,5.9,8.0,6.3,5.3,5.4,6.8,7.4,4.9,8.0,5.5,3.1,5.1,4.2,14.8,3.4,6.5,11.6,7.3,4.0,0.6,4.7,5.6,7.4,1.2,2.8,5.1,-10.8,3.7,4.5,3.9,6.8
68,Bolivia (Plurinational State of),2.7,5.6,3.4,0.6,4.9,2.2,2.6,-0.3,-2.1,-3.2,-1.9,-6.0,-6.1,-2.3,-3.7,-4.6,0.3,0.8,1.6,2.5,3.1,-0.4,2.2,2.7,2.7,2.4,3.1,3.2,-1.3,0.8,0.0,0.8,1.0,2.4,2.7,3.0,2.8,4.4,1.7,2.4,3.5,3.5,5.1,3.8,3.3,2.7,2.7,2.7,0.8,-9.9,5.0,2.4,1.7,-0.6
70,Bosnia and Herzegovina,,,,,,,,,,,,,,,,,,,,,-9.5,-1.5,6.1,16.5,16.3,47.8,31.8,14.6,8.4,4.7,1.9,4.8,4.1,7.3,5.0,6.3,7.2,7.2,-1.3,2.7,2.8,1.1,6.8,5.2,8.5,4.3,5.3,4.5,3.6,-1.1,9.2,7.6,4.8,3.2
72,Botswana,23.7,21.9,15.7,3.6,3.2,5.1,4.9,5.1,7.6,7.9,8.0,4.2,8.0,9.7,5.5,3.8,4.7,8.9,29.6,4.2,4.5,0.1,-1.0,0.8,4.3,3.3,5.6,-1.5,7.3,-0.2,-1.8,3.6,2.4,0.5,2.2,5.9,3.8,1.2,-15.9,7.8,4.8,-1.8,9.4,4.2,-6.2,5.7,2.6,2.7,1.6,-10.0,10.3,3.8,1.5,-4.6
76,Brazil,8.6,9.2,11.2,5.6,2.7,7.7,2.5,2.5,4.3,6.7,-6.5,-1.4,-5.1,3.1,5.6,5.3,1.5,-2.0,1.3,-6.0,-1.0,-2.9,2.8,3.9,2.3,0.7,1.9,-1.1,-1.0,3.0,0.1,1.8,0.0,4.6,2.1,2.9,5.0,4.1,-1.0,6.6,3.1,1.1,2.2,-0.3,-4.3,-4.0,0.6,1.1,0.6,-3.8,4.3,2.6,2.8,3.0
92,British Virgin Islands,-11.4,-1.3,4.2,8.4,3.4,-1.3,1.0,6.8,10.8,12.4,-2.4,-1.5,2.0,1.9,-2.1,0.4,10.9,7.6,5.1,21.7,19.2,21.3,27.7,21.7,20.6,5.2,7.8,7.6,6.8,5.8,1.8,-6.2,-15.3,0.4,10.5,-2.8,-2.6,-3.2,-2.9,0.3,-6.4,-6.1,-0.8,-2.1,-3.9,7.2,3.2,-0.6,6.1,-12.5,2.5,4.8,1.9,1.5
96,Brunei Darussalam,7.8,6.8,5.7,7.7,-3.1,16.1,7.2,3.4,18.8,-9.8,-22.3,0.7,-2.7,-2.7,-4.8,-14.4,-2.8,-3.3,-0.7,-1.8,0.3,1.9,-2.3,0.6,1.9,0.4,-3.8,-2.8,0.8,0.6,0.6,1.8,1.0,-1.3,-1.3,2.8,-1.5,-3.7,-3.6,0.7,1.9,-0.6,-3.5,-3.8,-1.7,-3.7,0.1,-1.1,2.7,0.1,-2.5,-2.4,0.3,3.4
100,Bulgaria,6.3,7.1,7.6,6.8,8.3,6.1,5.7,5.5,6.5,5.3,4.6,2.0,3.2,3.2,2.6,4.2,5.9,10.8,-2.8,-7.9,-7.1,-5.8,-0.4,2.4,3.6,6.0,-13.3,4.8,-7.6,5.5,4.8,6.8,6.0,7.3,7.8,7.6,7.4,6.9,-2.7,2.2,2.9,1.6,0.2,1.5,4.1,3.8,3.5,3.1,4.5,-2.5,8.7,4.9,2.1,4.0
854,Burkina Faso,-2.1,20.3,-6.9,3.5,0.3,-3.1,4.6,8.9,-1.9,-1.0,1.6,-0.6,-3.9,-1.3,9.8,4.9,-2.9,3.0,-0.5,-3.2,6.3,-2.2,0.9,-1.2,3.0,8.2,3.6,4.4,3.2,-1.1,3.4,1.2,4.5,1.2,5.3,3.0,1.0,2.7,0.0,5.3,3.5,3.3,2.7,1.3,0.9,2.9,3.2,3.8,3.2,-0.4,4.4,-0.8,0.6,2.7
108,Burundi,0.8,-6.0,7.1,-3.0,-2.4,8.0,6.3,1.9,-0.9,-5.9,6.5,-2.9,0.4,-2.5,9.3,1.9,1.7,2.6,-0.5,1.4,3.2,-0.9,-4.1,-3.7,-12.4,-8.7,0.4,2.5,-3.3,-2.9,-0.4,1.6,-4.3,0.4,-2.8,1.7,-0.3,0.7,-1.3,0.3,0.4,0.8,1.2,0.8,-2.6,1.4,1.4,2.2,1.1,-2.5,0.3,-0.9,-0.1,0.9
132,Cabo Verde,3.2,1.2,0.8,1.5,-17.8,0.9,-6.0,8.5,2.1,4.0,6.9,1.3,7.9,2.3,7.1,1.4,2.9,4.5,4.1,-1.4,-1.0,0.7,5.0,4.8,5.5,4.8,5.8,6.7,10.2,5.7,5.8,5.0,4.6,4.3,6.6,10.2,8.8,5.9,-2.4,1.1,3.6,1.0,0.6,0.7,0.9,4.2,4.5,3.6,6.8,-20.9,6.6,15.2,4.9,6.8
116,Cambodia,-4.7,-6.2,-19.7,-5.8,1.7,7.3,-7.7,8.8,-10.7,-7.7,-1.6,-2.8,0.7,1.2,1.2,-0.2,16.5,11.9,-3.9,-3.0,3.2,1.4,-2.0,0.4,-2.3,-3.0,-1.4,1.8,11.2,8.9,5.7,4.6,8.6,7.9,11.7,9.3,8.8,5.9,2.4,3.5,5.7,6.0,6.3,6.4,5.7,6.3,6.6,7.4,6.6,-5.0,1.6,3.7,3.7,4.7
120,Cameroon,0.2,0.2,2.0,0.7,1.0,-8.0,10.8,18.7,3.1,8.4,3.6,4.9,6.2,5.1,-0.7,-8.1,-8.4,-6.6,-2.1,-5.2,-2.7,-2.0,-2.1,-0.9,0.1,1.4,1.8,2.0,1.8,1.1,1.6,1.7,2.6,4.1,-0.6,1.0,1.4,-0.1,-0.3,0.0,0.5,1.7,2.1,2.6,2.4,1.5,0.6,1.1,0.6,-2.4,0.6,1.0,0.7,0.9
124,Canada,1.9,3.9,5.4,1.9,0.1,4.5,2.3,2.7,2.6,0.9,2.1,-4.3,1.5,4.8,3.7,1.0,2.8,2.9,0.7,-1.3,-3.4,-0.3,1.5,3.4,1.6,0.6,3.3,3.0,4.2,4.1,0.8,1.9,0.8,2.1,2.2,1.6,1.0,-0.1,-4.0,2.0,2.1,0.7,1.3,1.9,-0.3,0.0,1.8,1.4,0.6,-6.0,5.2,3.7,0.7,0.9
136,Cayman Islands,-2.2,2.0,8.2,4.2,4.5,4.8,5.2,5.6,5.7,5.2,4.8,4.9,8.2,2.9,-0.8,3.6,5.2,10.0,4.8,8.3,-3.5,-1.7,0.0,0.7,0.4,0.7,1.3,25.4,-0.3,-2.6,-2.9,-1.7,-1.3,-2.3,3.2,1.5,-2.1,-1.0,-9.8,-5.4,-1.6,-1.5,-1.3,0.1,0.4,0.9,0.9,2.0,1.8,-6.8,2.7,3.6,3.7,1.1
140,Central African Republic,-5.0,-3.9,2.5,-4.8,-0.1,2.9,6.9,0.2,-3.5,-5.5,0.4,0.6,-7.2,5.9,2.1,2.3,-6.2,0.4,-0.1,-4.6,-1.9,-4.4,-3.5,1.9,2.3,-9.9,3.2,1.8,3.1,-0.8,-1.6,-2.8,-9.2,0.6,0.1,2.6,2.0,0.4,3.5,5.5,2.6,4.0,-36.8,0.5,4.2,2.9,2.8,2.0,1.7,-0.7,-0.7,0.7,-0.4,-1.9
148,Chad,-0.2,-8.9,-7.1,11.1,14.7,-3.5,-9.2,-2.3,-23.1,-6.3,-10.9,0.5,10.1,3.7,6.8,2.8,0.1,4.1,-1.6,0.4,0.1,-2.0,-4.0,3.3,-3.0,-2.3,2.1,3.3,-3.9,-3.9,7.8,4.8,9.8,27.8,3.7,-3.1,16.2,-0.1,7.5,13.4,-1.3,7.4,4.1,5.3,0.7,-7.4,-3.6,2.2,2.1,-3.5,-3.1,0.6,-0.6,-0.1
152,Chile,7.2,-2.8,-7.1,-0.6,-14.3,1.9,8.2,6.6,6.7,6.4,4.7,-14.8,-4.2,4.3,0.4,4.0,4.9,5.6,8.8,2.0,6.2,10.5,5.3,4.1,9.0,5.9,6.0,2.8,-1.5,3.7,2.0,2.1,3.6,5.6,4.8,5.0,4.1,2.8,-2.1,4.8,5.2,5.1,2.3,0.8,1.1,0.5,-0.2,2.1,-1.0,-7.0,10.8,1.6,0.0,2.1
156,China,4.4,1.4,5.6,0.3,6.8,-3.1,6.1,10.2,6.1,6.3,3.6,7.3,9.1,13.6,11.7,7.2,9.7,9.3,2.5,2.2,7.7,12.9,12.7,11.9,9.9,9.0,8.3,7.0,6.9,7.7,7.6,8.4,9.4,9.5,10.7,12.0,13.5,9.0,8.7,9.9,8.8,7.1,7.0,6.8,6.4,6.2,6.3,6.3,5.7,2.2,8.5,3.2,5.6,5.2
344,"China, Hong Kong SAR",0.6,7.2,9.5,-0.1,-1.9,13.4,9.2,5.9,9.2,7.8,7.1,1.2,4.3,8.3,-0.7,9.9,12.7,8.0,1.8,3.5,4.4,3.8,3.6,3.6,0.1,2.2,3.2,-7.4,1.0,6.2,-0.5,1.0,2.5,8.2,7.1,6.7,5.9,1.4,-3.1,6.2,4.2,0.9,2.2,2.0,1.7,1.6,3.3,2.5,-1.9,-6.6,6.5,-3.4,3.5,2.9
446,"China, Macao SAR",5.4,4.0,17.7,21.9,6.6,6.2,5.9,5.8,5.3,6.0,5.5,2.8,6.2,4.6,-3.0,2.7,10.0,3.8,1.2,4.3,0.5,10.3,2.7,1.9,1.1,-2.5,-2.2,-6.3,-4.0,4.0,1.1,6.3,8.5,23.2,5.2,10.4,11.5,0.8,-1.2,22.1,18.9,7.0,8.7,-3.9,-23.2,-2.6,7.8,4.4,-4.2,-55.2,20.5,-20.1,73.0,6.9
170,Colombia,3.4,5.2,4.3,3.4,0.1,2.5,1.9,6.0,3.0,1.7,-0.1,-1.4,-0.8,1.0,0.9,3.7,3.2,2.0,1.3,2.1,0.0,2.0,3.6,3.1,3.2,0.2,1.6,-1.2,-5.9,1.3,0.1,0.9,2.4,3.8,3.3,5.3,5.4,2.0,0.0,3.3,5.8,2.9,4.1,3.6,2.1,1.1,-0.1,0.7,1.4,-8.5,9.6,6.2,-0.4,0.7
174,Comoros,1.1,-1.0,3.8,-0.4,3.0,-3.0,0.6,-0.2,6.2,4.2,1.0,3.5,1.9,1.2,-0.8,-0.8,-1.1,-0.1,-4.2,-1.8,-0.7,6.3,1.1,-6.9,1.8,-3.0,2.4,-0.6,0.1,0.4,0.2,0.2,0.2,0.0,0.7,0.6,-17.8,1.9,4.4,2.7,3.8,4.2,6.6,1.7,-0.1,0.7,3.5,2.0,1.7,2.0,0.7,0.8,9.2,8.6
178,Congo,5.7,1.0,13.7,-3.9,-3.6,2.2,-9.6,3.6,8.7,10.2,18.6,20.9,3.4,4.6,-4.0,-9.6,-2.7,-2.9,-2.9,-3.6,0.5,1.3,-1.6,-4.3,1.1,0.7,-3.1,6.6,-6.2,7.6,-8.3,-1.4,-2.3,-3.6,5.3,4.0,-10.0,2.9,7.3,5.5,-1.1,6.9,-3.1,4.1,-2.0,-10.9,-7.9,-4.7,-0.6,-8.4,-3.8,-1.4,-0.5,-0.3
184,Cook Islands,-11.7,-11.4,7.0,4.3,2.1,-4.0,21.5,9.2,4.4,2.1,-3.8,3.6,1.8,16.7,10.3,9.7,-1.4,0.7,3.4,6.7,6.0,5.0,3.2,3.3,-4.9,-0.7,-1.1,2.4,6.4,18.4,9.9,6.6,5.4,3.4,0.0,6.0,1.4,1.4,-3.6,-9.3,-2.2,-6.9,-5.4,5.3,5.1,25.7,6.4,23.3,6.3,-33.3,2.2,24.8,14.9,11.1
188,Costa Rica,4.0,5.4,5.0,2.9,-0.5,2.8,6.1,3.5,2.1,-2.0,-4.9,-9.8,0.1,5.1,-2.0,2.7,2.0,0.8,3.0,1.0,-0.3,6.5,4.5,2.0,1.7,-1.0,3.1,4.9,2.1,1.9,1.7,1.7,2.7,2.9,2.5,5.8,6.8,3.3,-2.2,4.1,3.2,3.7,1.4,2.4,2.6,3.2,3.2,1.7,1.6,-4.9,7.4,4.1,4.6,3.8
384,C?te d'Ivoire,4.8,-0.3,1.2,-0.3,3.4,7.5,0.9,5.8,-2.0,-14.4,-0.6,-3.8,-7.7,-6.5,0.4,-0.7,-4.1,-2.7,7.6,-5.0,-3.8,-4.5,-4.3,-1.8,3.0,2.7,1.7,1.2,-1.3,-4.7,-2.5,-4.2,-3.8,-1.2,-0.7,-0.8,-0.6,0.2,1.0,5.3,-1.1,13.8,13.1,12.0,11.6,4.1,4.4,2.1,4.0,-1.8,4.4,3.8,3.8,3.4
191,Croatia,,,,,,,,,,,,,,,,,,,,,-20.9,-10.9,-7.0,7.1,9.3,7.4,7.5,3.6,0.5,4.4,3.7,5.7,5.5,4.1,4.2,5.0,5.0,2.0,-6.7,-1.1,0.4,-1.8,0.3,0.0,3.2,4.6,4.7,4.3,4.1,-7.6,13.5,7.8,3.6,4.5
192,Cuba,6.7,3.2,2.0,-0.3,8.3,4.4,7.8,5.9,0.6,-5.3,19.1,8.2,4.6,7.0,0.8,-0.8,-3.3,2.7,-0.3,-3.8,-11.4,-12.1,-15.3,0.3,2.1,7.5,2.4,-0.2,5.8,5.6,2.9,1.1,3.5,5.5,11.0,11.9,7.2,4.1,1.4,2.4,2.8,3.0,2.8,1.2,4.5,0.6,2.0,2.4,0.1,-10.7,1.7,2.3,-1.6,-0.7
531,Cura?ao,,,,,,,,,,,,,,,,,,,,,,,,,,,,,,,,,,,,0.8,1.7,1.4,-1.2,-0.6,-0.5,-1.8,-2.0,-1.8,-0.5,-1.8,-1.7,-9.1,-7.3,-16.4,4.0,6.9,4.2,5.0
196,Cyprus,11.8,5.8,1.8,6.3,-16.1,19.0,15.9,7.2,9.1,4.8,1.8,5.1,4.0,7.4,3.5,2.6,5.9,7.1,6.5,5.5,-1.9,6.6,-1.7,3.6,7.9,-0.3,1.2,4.8,3.9,4.9,2.8,2.5,1.4,3.6,3.4,3.0,2.9,1.1,-4.6,-0.4,-2.1,-4.9,-6.4,-0.7,4.0,6.1,4.8,5.0,5.2,-4.5,10.4,7.2,1.8,2.9
203,Czechia,,,,,,,,,,,,,,,,,,,,,-11.6,-0.6,0.0,2.9,6.3,4.3,-0.4,-0.3,1.5,4.2,3.0,1.4,3.2,4.6,6.2,6.4,5.2,2.2,-5.2,2.3,1.5,-0.9,-0.1,2.2,4.9,2.5,5.1,2.8,3.5,-5.3,4.2,1.5,-1.3,1.8
200,Czechoslovakia (Former),4.6,4.8,4.1,5.2,5.6,3.0,3.6,3.4,2.4,2.5,-0.4,-0.2,2.1,3.0,2.7,2.4,1.8,2.4,0.3,-0.9,,,,,,,,,,,,,,,,,,,,,,,,,,,,,,,,,,
408,D.P.R. of Korea,7.6,7.6,7.9,8.3,8.5,2.5,2.6,2.7,2.7,2.7,2.2,2.2,2.2,2.2,2.2,-0.1,-0.1,-6.1,-3.1,-7.0,-7.4,-8.6,-6.0,-3.3,-5.3,-4.6,-7.5,-1.8,5.1,-0.5,2.9,0.5,1.2,1.4,3.2,-1.5,-1.7,2.6,-1.4,-0.9,0.4,0.9,0.6,0.6,-1.6,3.4,-3.9,-4.6,-0.1,-4.9,-0.4,-0.5,2.7,3.4
180,D.R. of the Congo,3.1,-2.5,5.3,0.4,-7.5,-7.7,-1.8,-8.2,-3.0,-1.0,-0.6,-3.4,-1.8,2.1,-2.8,1.5,-0.5,-2.7,-4.3,-9.6,-11.4,-13.5,-16.5,-8.3,-3.4,-2.9,-7.1,-4.3,-7.4,-9.8,-5.2,-0.2,2.5,3.6,2.9,2.1,3.1,3.1,-0.3,3.7,3.4,3.6,4.9,5.8,3.4,-1.2,0.0,2.3,1.2,-1.5,2.8,5.1,5.4,3.3
208,Denmark,2.5,3.2,4.1,-1.4,-1.7,5.7,1.7,2.1,3.8,-0.9,-0.7,4.0,2.7,4.4,4.1,4.6,0.3,0.2,0.6,1.5,1.2,1.7,-0.4,4.9,2.5,2.3,2.7,2.0,2.6,3.4,0.6,0.1,0.2,2.5,2.1,3.5,0.5,-1.0,-5.5,1.1,0.9,-0.4,1.0,0.8,1.4,2.3,2.4,1.4,1.3,-2.1,6.0,-0.3,-0.2,3.0
262,Djibouti,-0.6,-3.6,-2.2,-10.6,2.1,-1.1,-20.1,-16.1,-3.2,-2.1,-2.3,-2.3,-2.2,-3.2,-4.8,-6.7,-5.7,-5.1,-9.8,-4.4,-11.1,6.7,6.8,-4.4,4.5,-7.3,0.9,-4.1,-0.3,-2.1,-1.0,0.4,1.3,1.8,1.9,10.5,2.7,2.9,11.6,9.5,10.6,11.0,11.3,5.2,14.6,-2.9,3.7,3.1,3.9,-0.3,2.9,3.7,5.3,5.5
212,Dominica,6.4,6.8,7.7,5.8,2.4,6.3,2.1,10.1,-18.6,13.2,11.0,4.6,3.0,4.6,1.9,7.6,6.9,8.5,0.5,6.2,1.8,2.0,2.0,0.0,3.0,5.3,4.5,6.2,2.8,5.0,-0.3,-3.2,5.6,3.9,0.8,4.3,5.3,7.1,-1.2,-0.1,-0.2,-0.3,-0.9,1.4,-3.4,2.6,-6.0,3.5,4.4,-15.3,6.0,11.0,4.1,2.5
214,Dominican Republic,7.8,7.4,9.8,3.2,2.4,4.0,2.3,-0.4,2.0,5.3,1.8,-0.6,2.2,-1.0,-4.3,1.3,7.8,0.0,2.2,-7.0,-1.3,8.3,5.1,0.4,3.5,5.2,6.1,5.3,5.0,4.0,0.2,4.2,-1.7,-0.1,7.8,9.3,7.2,1.9,-0.3,7.0,1.9,1.5,3.7,5.8,5.8,5.5,2.8,6.0,3.8,-8.9,12.8,4.2,1.3,4.1
218,Ecuador,1.0,5.9,4.8,9.2,9.6,3.2,-0.9,2.3,1.3,0.4,6.9,-1.0,-1.9,0.3,2.1,0.9,1.3,0.6,0.6,4.2,2.1,-0.5,0.5,1.9,0.0,3.0,0.6,1.5,-6.1,3.2,2.4,3.1,1.1,5.0,3.6,2.6,0.2,4.8,-0.6,2.3,6.7,4.1,5.6,2.7,-1.3,-2.1,4.4,-0.7,-1.5,-10.3,8.6,5.0,1.1,-2.8
818,Egypt,1.1,1.5,-1.6,0.1,2.6,11.1,5.3,5.3,7.6,7.1,1.0,6.9,1.9,6.5,2.7,1.8,0.7,2.5,2.3,2.7,-1.6,1.8,0.6,1.8,2.4,3.0,3.2,1.9,3.6,3.3,1.2,0.2,1.1,2.0,2.4,4.8,5.1,5.2,2.7,3.2,-0.4,0.0,-0.1,0.6,2.2,2.2,2.1,3.3,3.7,1.9,1.7,5.1,2.0,0.6
222,El Salvador,2.4,3.1,2.6,4.0,3.3,1.7,3.8,4.2,-3.6,-9.9,-8.9,-6.7,-1.0,0.4,0.0,-1.3,0.7,-0.4,-0.9,1.5,-0.3,5.3,4.4,3.7,3.9,0.1,2.4,2.0,1.6,0.6,0.5,1.3,1.4,0.8,2.7,4.4,1.7,1.8,-2.4,1.8,3.4,2.4,1.8,1.3,2.1,2.3,2.0,2.3,2.4,-8.1,11.5,2.6,3.1,2.1
226,Equatorial Guinea,5.9,4.3,9.9,5.6,9.2,2.7,9.0,-4.9,-6.1,1.6,0.7,-3.8,-1.5,-4.9,6.9,-7.0,0.0,-1.3,-4.9,-1.2,-3.3,9.2,5.5,5.4,7.6,29.6,87.9,13.2,18.4,7.3,57.4,12.9,6.9,16.9,3.4,0.7,10.2,12.5,-3.2,-13.0,2.0,4.0,-7.9,-3.4,-12.5,-12.1,-8.9,-9.4,-8.5,-7.4,-1.6,1.1,-7.9,-4.2
232,Eritrea,,,,,,,,,,,,,,,,,,,,,18.3,18.8,9.4,9.5,14.3,-2.6,7.9,6.5,0.5,-1.3,-14.8,5.1,-1.2,-6.6,-0.9,-2.5,0.0,-21.5,9.4,8.7,23.5,0.6,-11.5,30.1,-20.9,6.7,-10.7,11.5,2.3,-2.1,1.1,0.8,1.0,1.0
233,Estonia,,,,,,,,,,,,,,,,,,,,,-7.7,-19.9,-3.5,-0.1,5.9,6.3,14.1,5.1,0.1,10.6,6.6,7.6,8.3,7.4,10.2,10.4,8.1,-4.9,-14.5,2.7,7.9,4.0,2.1,3.6,1.8,3.0,5.5,3.3,3.3,-3.1,7.0,-1.3,-4.2,0.2
748,Eswatini,1.0,9.6,0.6,15.8,29.3,9.7,-2.2,-2.0,-1.1,-1.0,3.4,-1.9,-3.8,-0.8,-1.7,14.0,5.8,2.7,4.4,5.5,-2.2,-0.6,0.1,2.4,4.9,1.8,1.4,1.3,1.8,-2.0,0.1,3.6,3.2,3.0,5.4,5.5,3.8,0.1,0.9,3.2,0.7,3.8,2.3,0.9,1.4,3.9,0.9,-0.7,5.1,-3.9,2.3,0.1,2.5,0.1
231,Ethiopia,,,,,,,,,,,,,,,,,,,,,-11.2,-12.7,9.4,-0.1,2.6,9.8,-0.4,-7.0,1.9,2.9,5.1,-1.5,-5.1,10.2,8.6,7.6,8.2,7.6,5.8,9.4,10.0,5.6,7.6,7.3,7.5,4.7,6.6,4.0,5.5,3.2,2.9,2.6,3.9,4.6
230,Ethiopia (Former),1.7,2.0,0.0,-1.1,-2.4,-0.8,-0.9,-3.0,4.1,5.0,0.5,-2.6,2.2,-7.4,-8.5,3.8,5.6,-1.7,-2.1,-3.8,-10.3,-11.7,9.4,,,,,,,,,,,,,,,,,,,,,,,,,,,,,,,
242,Fiji,4.6,5.9,9.6,1.3,0.8,0.1,3.0,-0.5,9.5,-4.1,4.0,-4.6,-5.2,5.7,-6.2,4.5,-7.9,0.7,5.7,7.4,-3.5,3.2,1.1,4.5,2.0,4.1,-3.2,0.1,7.5,-2.8,1.0,2.2,0.0,4.3,-0.2,0.9,-1.7,0.4,-1.8,2.6,2.4,1.2,4.6,5.5,4.4,2.4,5.4,4.0,-0.3,-17.2,-4.5,17.4,8.9,3.0
246,Finland,2.2,7.1,6.4,2.7,1.4,0.0,0.0,2.6,6.8,5.1,0.9,2.5,2.5,2.7,3.1,2.4,3.3,4.9,4.7,0.2,-6.4,-3.9,-1.3,3.5,3.8,3.3,6.1,5.2,4.1,5.5,2.4,1.4,1.8,3.7,2.4,3.6,4.9,0.3,-8.5,2.7,1.9,-2.0,-1.4,-0.9,0.1,2.3,3.1,1.1,1.2,-2.6,2.5,0.3,-1.5,0.1
530,Former Netherlands Antilles,5.3,3.7,3.2,4.7,1.9,5.6,35.6,6.1,4.2,8.1,0.6,-2.6,-1.4,-2.7,-2.9,-6.3,0.3,0.6,6.9,0.6,0.9,2.6,4.6,6.0,2.2,2.1,2.0,-2.2,-0.8,-0.9,1.9,-0.4,0.4,-0.1,0.1,1.4,3.0,1.2,-0.9,-1.0,-1.0,-1.3,,,,,,,,,,,,
250,France,4.3,3.6,5.8,4.0,-1.6,3.9,3.1,3.4,3.2,1.1,0.6,1.8,0.7,1.0,1.0,1.8,2.0,4.2,3.8,2.2,0.7,1.0,-0.8,2.0,1.9,1.0,2.2,3.0,2.8,3.4,1.2,0.4,0.3,2.1,1.2,2.0,1.9,-0.2,-3.3,1.5,1.9,-0.3,0.3,0.5,0.7,0.6,1.8,1.3,1.7,-7.7,6.6,2.4,1.2,1.0
258,French Polynesia,8.3,-7.8,4.4,14.3,-7.8,5.0,-0.9,6.5,0.7,-2.7,5.1,6.6,2.3,2.6,2.8,5.7,4.4,-3.6,2.0,0.2,3.7,-1.4,-1.1,-1.5,-1.0,-0.7,0.1,1.8,2.2,3.5,-0.2,0.6,1.9,0.6,-0.1,-0.5,0.5,-0.7,-4.6,-2.9,-3.4,-1.4,-0.2,0.0,1.3,1.8,4.0,1.9,3.0,-10.6,3.2,2.7,2.5,0.9
266,Gabon,8.0,9.1,7.9,36.5,16.6,32.5,-14.6,-25.9,-2.0,-0.1,2.4,-5.7,2.8,4.6,-5.0,-3.5,-19.4,9.7,5.6,2.3,3.3,-5.7,-0.3,2.7,2.3,1.0,3.1,0.4,-12.9,-3.8,-0.3,-4.4,-0.3,-2.0,-1.8,-6.0,3.1,-6.5,-3.4,3.5,3.4,1.6,2.0,0.9,0.7,-0.8,-2.2,-1.7,1.4,-4.2,-0.8,0.7,0.2,1.2
270,Gambia,-2.9,-2.6,6.1,2.8,3.0,-4.3,-1.6,1.6,-6.4,-3.1,14.0,3.3,-7.0,-1.0,-0.6,-1.9,-1.0,0.9,-0.6,-0.7,-1.4,-0.6,-0.7,-3.0,-2.1,1.3,-2.4,0.8,3.9,3.3,3.0,-2.2,-0.4,6.3,-5.0,-3.4,0.1,3.2,3.6,2.9,-10.8,2.2,-0.1,-4.2,1.3,-0.7,2.2,4.7,3.7,-1.8,2.8,3.1,2.6,3.0
268,Georgia,,,,,,,,,,,,,,,,,,,,,-20.3,-43.6,-27.7,-8.0,5.1,13.9,13.3,5.8,5.7,4.8,7.8,7.6,12.2,6.6,10.4,10.2,13.4,3.1,-3.1,6.9,8.7,7.4,6.0,4.5,3.4,3.4,5.1,6.0,5.3,-6.3,10.9,10.8,7.5,9.7
276,Germany,2.9,3.8,4.4,0.9,-0.5,5.4,3.6,3.1,4.1,1.2,0.4,-0.3,1.8,3.1,2.5,2.2,1.2,3.3,3.1,4.3,4.3,1.2,-1.6,2.2,1.2,0.7,1.7,2.6,2.5,2.7,1.5,-0.4,-0.6,1.2,0.9,4.3,3.4,1.1,-5.3,4.3,3.7,0.4,0.2,1.7,0.8,1.5,2.3,0.8,0.8,-4.2,3.6,0.9,-0.8,-0.2
288,Ghana,2.7,-5.2,2.5,3.8,-14.9,-6.3,-0.7,5.2,-5.4,-2.4,-6.2,-9.6,-7.4,5.9,2.8,2.9,2.4,3.1,2.5,0.7,2.7,1.3,2.3,0.8,1.6,2.2,1.7,2.2,1.9,1.6,1.8,2.0,2.4,2.6,3.4,1.9,1.7,6.4,2.3,5.3,11.3,6.7,5.5,0.5,-0.2,1.0,5.8,4.0,4.4,-1.5,3.0,1.8,1.2,3.7
300,Greece,7.4,9.4,7.6,-6.8,5.3,5.2,1.6,6.0,1.8,-0.7,-2.6,-2.0,-1.8,1.3,1.9,0.0,-2.7,3.9,3.4,-0.4,2.6,0.2,-2.1,1.5,1.6,0.9,3.1,2.9,2.2,3.6,4.1,4.2,5.5,5.1,0.9,6.1,3.2,-0.2,-4.4,-5.8,-9.7,-7.8,-1.6,1.5,0.4,0.4,1.7,2.3,2.4,-9.0,9.9,7.4,4.0,4.3
304,Greenland,10.5,4.5,5.2,4.3,-0.5,5.1,8.5,6.0,4.8,8.0,-0.5,-5.6,2.2,-6.3,2.5,6.0,4.5,4.6,5.7,-12.2,-0.3,-5.2,-5.0,5.9,3.6,1.2,1.3,7.7,1.4,7.0,0.9,-1.3,-0.7,6.6,5.5,5.9,2.5,6.3,0.8,1.1,-0.9,0.9,-1.2,5.0,-2.2,3.8,0.5,0.2,3.5,0.8,2.0,0.9,0.8,1.3
308,Grenada,6.7,7.3,8.8,6.6,3.4,9.6,6.4,6.2,6.9,0.6,1.4,4.6,2.3,4.2,7.4,7.5,10.3,2.6,5.2,4.3,1.4,-1.1,-3.4,2.0,1.4,3.7,4.3,11.0,6.2,4.2,-2.5,3.0,9.0,-1.0,12.8,-4.3,5.8,0.6,-7.0,-0.8,0.3,-1.8,1.7,6.7,5.9,3.3,4.2,4.1,0.4,-14.0,4.4,7.1,4.4,3.9
320,Guatemala,2.9,4.6,4.1,3.7,-0.5,5.1,5.5,2.4,2.1,1.2,-1.8,-5.7,-4.9,-2.3,-3.4,-2.6,0.7,1.0,1.1,0.3,0.9,2.1,1.2,1.3,2.2,0.3,1.7,2.1,1.6,1.2,0.0,1.5,0.2,0.9,1.0,3.2,4.1,1.2,-1.5,0.9,2.1,0.9,1.7,2.5,2.2,0.8,1.2,1.7,2.4,-3.2,6.6,2.7,2.0,2.1
324,Guinea,3.5,0.6,-0.1,3.5,1.3,6.3,-4.8,5.1,-2.8,0.8,-1.3,-0.2,-0.8,-0.8,2.6,0.6,0.7,3.6,1.3,0.8,-1.5,0.0,1.9,0.9,1.8,2.2,3.0,2.6,2.2,0.9,2.4,3.6,-1.0,0.1,1.0,-2.4,4.4,1.6,-3.5,2.3,8.5,8.8,6.8,6.5,6.6,13.7,13.2,9.2,4.6,12.5,17.6,6.7,5.4,6.7
624,Guinea-Bissau,-4.2,6.3,0.1,1.1,1.6,-1.6,-13.1,6.0,-1.5,-16.9,-2.0,2.6,-4.9,3.8,2.7,-2.6,4.0,5.2,2.8,1.6,0.8,0.1,-1.0,-0.2,1.4,1.6,4.0,-18.4,11.1,-2.2,-0.1,-3.4,-1.8,0.4,1.8,-0.1,0.7,0.6,0.8,1.9,5.3,-4.3,0.5,-1.7,3.4,3.6,3.4,1.3,2.1,-0.8,3.8,2.3,2.9,2.5
328,Guyana,1.4,-3.2,0.5,5.8,9.3,2.0,-3.5,-2.6,-2.5,1.2,1.2,-13.2,-6.7,-4.8,2.7,-0.5,1.4,-3.1,-4.3,-2.4,6.3,7.5,7.8,8.1,4.6,7.6,6.0,-1.9,2.8,-1.4,11.0,9.8,7.5,12.2,6.6,14.4,7.5,2.1,4.0,4.5,5.6,5.3,3.1,1.1,0.1,3.2,3.1,1.4,3.3,43.5,18.9,62.1,33.0,42.8
332,Haiti,4.5,-0.9,2.8,3.8,-0.8,6.4,-1.4,2.9,5.5,5.3,-4.7,-5.5,-1.0,-1.7,-1.4,-2.5,-2.7,5.4,-0.8,3.3,4.2,-3.2,-3.3,-9.9,12.5,6.6,5.2,4.6,5.2,3.3,-2.1,-0.7,1.7,-3.0,1.4,0.1,3.0,1.0,4.2,-6.7,3.9,-1.0,2.8,0.2,1.1,0.4,1.1,0.3,-2.9,-4.5,-2.9,-2.8,-3.0,-5.3
340,Honduras,0.9,2.6,4.7,-4.0,-0.9,7.1,7.0,6.7,1.5,-2.4,-0.5,-4.3,-3.8,1.3,1.2,-2.1,3.1,1.7,1.4,-2.7,0.4,2.7,3.3,-4.1,1.2,0.7,2.1,0.2,-4.4,2.9,0.0,1.0,1.9,3.6,3.5,4.1,3.8,1.9,-4.5,1.5,1.7,2.0,0.8,1.1,1.9,2.0,2.9,2.0,0.7,-10.5,10.7,2.4,1.8,1.8
348,Hungary,5.9,5.8,6.6,5.4,5.6,2.9,6.2,4.2,1.3,0.0,3.0,3.1,1.0,3.0,0.1,1.9,4.4,0.3,1.1,-3.3,-11.9,-3.0,-0.4,3.1,1.7,0.3,3.2,4.1,3.4,4.7,4.3,5.0,4.2,5.2,4.5,4.1,0.5,1.2,-6.6,1.3,2.2,-1.0,2.3,4.6,3.9,2.7,4.4,5.7,5.1,-4.1,7.7,4.5,-0.9,0.6
352,Iceland,12.1,4.6,5.2,4.3,-0.6,4.9,8.0,5.2,3.8,4.6,3.1,0.8,-3.4,3.0,2.5,5.5,7.4,-1.6,-1.0,0.4,-1.4,-4.6,0.3,2.7,-0.4,3.9,3.3,5.9,2.6,3.5,2.5,-0.4,1.6,6.7,5.3,3.2,6.0,-0.2,-8.6,-2.1,1.1,0.6,2.6,0.8,2.7,4.8,1.1,1.9,-1.1,-8.2,3.5,6.6,3.1,-2.7
356,India,-0.6,-2.7,1.0,-1.1,6.6,-0.7,4.8,3.3,-7.4,4.2,3.5,1.1,4.8,1.4,2.8,2.4,1.6,7.2,3.6,3.2,-1.1,3.3,2.6,4.5,5.4,5.4,2.0,4.1,6.8,1.9,2.9,1.9,6.0,6.1,6.2,6.4,6.1,1.6,6.3,6.9,3.8,4.0,5.0,6.1,6.7,7.0,5.6,5.3,2.8,-6.7,8.8,6.8,8.2,5.6
360,Indonesia,4.1,6.5,8.4,4.9,2.4,4.3,6.1,5.3,3.7,7.3,5.4,-0.1,6.3,4.6,0.3,3.8,2.9,3.8,7.1,7.0,7.0,5.4,5.4,5.7,6.4,6.1,3.0,-14.5,-0.3,3.4,2.2,3.1,3.4,3.7,4.3,4.1,4.9,4.6,3.3,4.9,4.8,4.7,4.3,3.8,3.7,3.9,4.0,4.2,4.0,-2.9,3.0,4.5,4.2,4.2
364,Iran (Islamic Republic of),10.4,11.2,4.3,2.7,-3.3,14.7,-5.7,-15.6,-15.0,-24.4,-10.5,16.8,6.8,-10.6,-1.8,-13.1,-3.7,-9.1,3.1,10.3,9.7,1.3,-1.8,-1.9,1.3,7.0,0.8,0.5,1.7,2.6,0.4,7.1,7.2,1.2,2.0,3.9,7.6,0.1,0.8,5.6,2.5,-4.9,-2.8,3.6,-2.8,7.3,1.3,-3.1,-4.1,2.5,4.0,2.6,4.2,2.6
368,Iraq,3.3,-7.0,14.9,4.5,10.6,16.8,-1.5,14.3,20.0,-2.7,-20.4,-3.8,-11.0,-2.9,-2.4,5.5,16.1,0.7,-11.3,-1.2,-66.5,22.0,41.6,-9.1,-21.0,44.9,18.2,30.7,13.8,-1.9,-0.8,-9.8,-35.1,49.8,-1.3,4.9,2.7,6.1,-0.4,3.0,3.8,8.9,2.7,-3.3,1.9,11.1,-4.0,0.3,3.1,-14.0,-0.7,5.5,-1.7,-3.6
372,Ireland,2.4,4.9,3.1,2.7,4.1,-0.1,6.6,5.5,1.6,1.9,2.3,1.5,-0.9,3.8,2.6,-0.7,4.7,5.7,6.2,8.4,1.3,2.6,2.2,5.3,9.0,6.6,10.0,7.6,9.3,8.0,3.7,4.1,1.4,4.9,3.5,2.2,2.3,-6.5,-6.1,1.1,1.2,-0.8,1.6,8.5,23.4,0.1,8.8,6.2,3.7,6.1,15.2,6.9,-7.1,0.1
376,Israel,6.8,8.4,2.8,3.9,0.8,-2.0,-1.3,3.2,3.9,-0.5,3.1,-0.1,1.4,-0.9,2.2,2.6,5.4,1.2,-1.1,3.5,2.4,3.9,1.5,4.7,3.9,3.1,0.9,1.5,0.6,5.7,-2.1,-2.1,-0.4,2.9,2.6,3.8,4.5,1.5,-0.5,3.7,3.6,0.6,2.2,1.8,0.3,2.5,2.4,2.2,1.8,-3.4,7.6,4.5,0.4,-0.5
380,Italy,1.2,3.0,6.4,4.8,-2.7,6.6,2.1,2.8,5.6,2.9,0.4,0.3,1.1,3.1,2.7,2.8,3.2,4.1,3.3,1.9,1.5,0.7,-0.9,1.7,2.9,1.8,1.9,1.8,1.6,3.8,1.9,0.1,-0.5,0.7,0.2,1.4,0.9,-1.8,-5.8,1.1,0.4,-3.4,-2.0,0.0,1.0,1.4,1.8,1.0,0.7,-8.5,9.3,5.0,1.2,1.0
388,Jamaica,1.6,7.6,-0.3,-5.3,-1.7,-7.7,-3.6,-0.6,-3.0,-6.9,1.2,-0.2,0.9,-2.2,-5.7,0.7,6.9,2.2,6.1,4.7,0.0,9.2,0.9,-0.1,0.0,-0.7,-1.9,-2.1,0.2,0.0,0.6,0.1,3.0,0.7,0.3,2.4,1.0,-1.2,-4.7,-1.9,2.4,0.0,1.2,1.4,1.7,2.3,3.1,2.6,1.9,-11.2,5.8,7.6,2.8,-0.4
392,Japan,3.5,7.1,6.7,-2.5,1.9,2.9,3.4,4.4,4.6,2.1,3.7,2.9,3.2,4.0,4.8,2.8,4.2,6.2,4.5,4.5,3.1,0.5,-0.8,0.7,2.3,2.9,0.7,-1.5,-0.5,2.6,0.2,-0.1,1.4,2.1,1.7,1.3,1.4,-1.3,-5.7,4.1,0.1,1.5,2.2,0.5,1.7,0.8,1.8,0.8,-0.2,-3.9,3.2,1.5,2.0,0.6
400,Jordan,-4.0,1.4,-9.9,-3.3,-4.0,10.7,5.0,11.1,16.9,7.2,12.6,2.6,-6.5,-0.3,-7.1,0.8,-2.3,-3.2,-14.9,-7.8,-6.0,8.5,-0.8,0.1,1.9,-1.3,0.6,0.7,1.2,2.1,3.1,3.6,1.9,6.0,5.5,1.4,1.8,4.7,2.8,0.1,0.2,1.0,-2.6,-6.0,-5.6,-2.7,0.2,-0.3,-0.2,-2.9,1.8,0.9,1.2,1.5
398,Kazakhstan,,,,,,,,,,,,,,,,,,,,,-11.6,-5.6,-8.9,-11.4,-6.5,2.4,4.1,0.6,4.0,9.5,13.0,9.2,8.7,8.9,8.9,9.8,7.9,2.2,0.0,5.9,7.4,3.3,4.4,2.7,-0.3,-0.4,5.2,2.6,3.0,-3.9,2.9,1.7,2.8,3.7
404,Kenya,2.7,1.4,1.6,1.4,-3.6,0.7,5.6,5.3,0.2,1.9,0.1,0.0,-2.3,-1.9,0.5,3.4,2.3,2.5,1.1,0.7,-1.8,-3.8,-2.6,-0.3,1.5,1.3,-2.4,0.5,-0.8,-2.5,1.2,-2.5,-0.2,1.9,2.7,3.1,3.7,-2.8,4.6,5.0,2.3,1.8,1.3,2.6,2.7,2.0,1.6,3.5,3.1,-2.2,5.6,2.9,3.6,2.7
296,Kiribati,-10.2,3.1,11.4,35.4,-0.8,-31.0,-10.0,-4.6,-17.4,-2.7,4.5,-2.7,-11.2,12.1,-14.9,-4.7,-1.1,19.2,-9.5,-8.5,-7.5,21.9,-1.6,0.5,1.2,-1.7,-0.7,2.6,-5.5,5.0,-5.0,-0.7,-3.6,-2.6,-0.7,3.7,1.0,-5.0,-1.6,-0.9,1.5,4.3,6.3,0.0,9.8,5.6,2.2,1.9,1.7,-3.2,6.7,3.4,1.7,3.1
412,Kosovo,,,,,,,,,,,,,,,,,,,,,-12.4,-26.5,-25.9,-1.5,6.5,7.2,6.3,-3.3,-14.2,9.8,24.5,0.6,-5.7,-0.7,1.7,1.3,6.2,5.1,5.4,5.3,6.1,0.9,4.7,3.8,7.7,6.6,4.4,3.4,5.5,-5.1,11.4,5.7,5.2,5.4
414,Kuwait,0.1,-2.3,-12.0,-18.1,-17.6,-0.1,-9.9,0.8,7.2,-23.8,-23.0,-15.9,2.9,0.8,-8.0,4.3,3.9,-13.5,21.2,-2.9,-26.5,51.1,30.8,9.1,0.3,0.1,-0.8,0.5,-4.7,1.8,-2.4,0.4,14.5,7.8,6.7,1.7,-0.1,-3.1,-11.9,-7.3,3.0,0.1,-3.8,-3.8,-3.8,-1.4,-8.2,-2.1,0.3,-3.9,2.6,1.4,-6.7,-4.5
417,Kyrgyzstan,,,,,,,,,,,,,,,,,,,,,-9.4,-15.1,-15.9,-20.5,-6.7,5.5,8.4,0.9,2.4,4.3,4.4,-0.9,6.1,6.1,-1.0,2.4,7.9,7.8,1.8,-2.2,4.0,-1.9,9.0,2.2,3.2,3.6,4.0,2.9,3.3,-9.5,3.1,6.8,7.2,7.3
418,Lao People's DR,2.5,1.0,6.1,1.2,4.3,1.0,-3.7,-0.7,-3.7,7.9,12.8,4.5,2.0,4.3,2.2,2.0,-4.2,-4.8,11.0,3.7,1.4,2.7,3.0,5.0,4.8,4.4,4.7,2.1,5.4,4.0,4.0,5.2,4.6,5.5,5.2,-2.5,16.4,6.2,5.9,6.6,6.5,6.4,6.5,6.1,5.7,5.4,5.2,4.7,3.9,1.7,2.0,3.0,2.8,2.9
428,Latvia,,,,,,,,,,,,,,,,,,,,,-10.0,-34.0,-13.2,2.3,1.6,3.5,10.3,7.6,3.7,6.8,7.8,8.9,9.5,9.9,12.8,13.9,11.3,-2.4,-14.6,-1.6,4.9,8.6,3.2,3.1,4.6,3.5,4.3,5.1,1.4,-2.8,7.8,2.2,-1.0,0.5
422,Lebanon,6.5,9.3,2.1,0.0,-31.8,-57.5,80.9,-5.1,7.1,1.3,-1.6,-37.7,21.1,41.8,21.8,-9.1,13.8,-29.6,-43.6,24.1,35.4,2.3,4.9,6.1,4.6,3.2,-4.0,1.8,-2.2,-0.4,2.2,2.0,1.8,4.6,0.9,-0.2,7.2,7.3,8.8,6.9,-0.2,0.0,-5.4,-7.3,-1.5,4.0,3.5,1.0,-3.6,-25.6,1.8,1.3,0.0,-8.0
426,Lesotho,-12.5,15.0,21.8,2.4,-11.3,12.8,14.3,16.3,-13.4,-5.5,-1.9,0.6,-11.2,-0.3,6.3,-0.6,2.8,8.3,5.9,4.4,2.3,2.7,2.1,1.9,3.3,8.6,7.3,-5.3,2.7,5.1,4.4,0.8,5.2,3.0,3.7,4.7,13.6,4.8,-2.0,4.5,3.7,5.3,0.7,0.6,1.9,2.4,-4.3,-2.7,-2.6,-9.2,1.1,1.3,0.6,4.1
430,Liberia,2.4,1.0,1.2,0.7,-6.4,2.0,-1.9,2.7,1.7,-9.0,-6.7,-1.1,-6.3,-3.6,-5.0,-4.1,-1.1,-0.1,-0.1,-44.6,-2.5,-38.7,-35.5,-21.6,-5.1,9.0,90.8,17.7,15.2,23.9,-0.1,1.1,-30.7,1.4,0.7,8.8,32.6,5.2,5.9,5.7,5.5,8.9,3.7,4.5,8.5,-1.1,3.5,3.4,-4.1,-6.2,0.5,2.2,3.9,1.8
434,Libya,-8.4,5.6,-1.9,16.3,-1.6,16.1,2.8,-2.5,2.8,-4.9,-23.6,0.0,-2.3,-6.4,4.9,-14.0,-17.0,4.8,4.6,1.3,13.1,-4.7,-5.6,0.1,-3.9,0.5,3.6,-5.0,-0.7,0.7,-1.3,-1.4,12.7,4.2,10.0,4.4,4.1,-2.3,-6.4,2.9,-49.1,91.8,-19.6,-24.5,-2.4,-3.0,30.4,6.2,-12.5,-50.8,26.7,-13.2,8.9,0.9
438,Liechtenstein,-0.5,-0.2,-0.2,-0.1,-0.1,3.0,3.1,3.1,3.2,3.2,3.3,-3.1,-1.0,2.8,5.5,2.6,7.8,4.2,6.8,-3.7,4.0,-0.6,-0.9,1.1,0.5,3.1,8.7,5.5,9.0,2.0,-1.7,-1.9,-2.9,2.1,3.9,8.1,8.5,-3.3,-11.2,6.6,-4.8,0.2,4.0,2.3,-0.6,1.7,2.5,0.2,-0.4,-1.6,-0.1,2.1,1.4,0.4
440,Lithuania,,,,,,,,,,,,,,,,,,,,,-5.8,-21.2,-15.8,-9.1,4.1,5.8,9.1,8.2,-0.4,4.1,7.3,7.6,11.5,7.7,9.5,9.1,12.4,3.7,-13.9,2.6,8.7,5.8,5.1,4.7,3.8,4.0,6.1,5.9,5.0,0.0,6.4,1.7,-1.0,2.6
442,Luxembourg,1.9,5.3,7.3,3.6,-7.2,1.9,0.9,3.3,1.8,0.6,-0.8,1.0,2.9,6.1,2.6,9.5,3.3,7.6,8.8,4.1,7.2,0.5,2.8,2.4,0.0,0.0,4.1,5.4,6.7,5.4,1.8,2.2,1.4,2.8,0.9,4.3,6.4,-2.1,-5.0,1.9,-1.1,-0.7,0.8,0.2,-0.1,2.5,-0.9,-0.3,0.8,-2.2,5.3,-3.1,-1.7,-0.8
450,Madagascar,1.3,-4.1,-5.0,-1.8,-1.7,-6.0,-0.7,-5.5,6.5,-2.2,-11.3,-4.7,-2.1,-1.2,-1.7,-0.9,-1.7,0.5,1.1,0.1,-9.1,-1.8,-1.0,-3.1,-1.5,-1.1,0.4,0.6,1.4,1.5,2.8,-15.2,6.6,2.2,1.6,2.0,3.2,3.6,-6.8,-2.3,-1.3,0.2,-0.4,0.6,0.4,1.3,1.3,0.5,1.7,-9.5,2.1,1.6,1.7,1.7
454,Malawi,11.6,7.4,-0.3,4.6,2.6,3.2,1.1,4.7,-0.4,5.2,-14.2,-2.5,0.2,-0.1,0.8,-1.7,-5.6,-2.1,-0.7,0.7,4.5,-10.6,9.2,-10.6,9.2,7.5,1.7,-1.0,-1.1,-0.8,-7.1,0.2,3.1,2.7,0.5,1.9,6.6,4.6,5.2,3.8,7.0,1.4,8.5,8.5,5.5,4.9,7.5,1.6,3.0,-1.8,1.9,-1.6,-0.6,-0.8
458,Malaysia,20.0,6.8,9.1,5.8,-1.6,8.9,5.2,4.1,6.8,4.5,3.6,2.7,2.8,4.3,-4.3,-2.2,2.0,5.4,5.9,5.8,6.5,6.0,7.1,6.5,7.1,7.3,4.7,-9.6,3.6,6.3,-1.9,2.9,3.3,4.3,3.0,3.3,4.0,2.7,-3.5,5.4,3.5,3.7,2.9,4.2,3.3,2.6,4.0,3.1,2.8,-6.7,2.1,7.6,2.3,3.8
462,Maldives,2.0,-0.7,-1.4,2.7,-10.7,-2.4,8.0,11.6,7.8,15.4,8.7,-5.7,13.1,23.5,9.4,5.6,5.1,5.1,5.8,12.6,4.4,3.3,3.4,4.1,4.7,5.5,6.2,5.5,4.4,2.1,-5.5,5.5,11.9,4.1,-12.7,20.7,3.6,5.2,-11.3,3.1,4.8,-1.1,3.4,4.3,0.4,2.9,3.6,5.3,4.1,-34.8,33.8,12.1,4.6,3.1
466,Mali,0.9,4.1,-3.1,3.8,17.6,19.8,12.0,3.7,16.1,0.5,0.1,-10.4,-4.4,-4.9,10.9,-2.6,-2.5,8.9,1.7,-7.1,10.4,-7.0,2.2,3.3,-1.4,4.1,1.8,4.0,1.8,-3.6,12.4,-0.1,6.4,-1.8,-0.8,0.3,-1.5,0.3,2.1,2.2,-0.3,-3.9,0.3,3.2,3.0,2.7,2.1,1.6,1.9,-4.1,0.0,0.4,1.6,2.0
470,Malta,2.1,5.4,3.7,9.5,18.9,16.4,11.6,10.5,9.9,6.5,2.7,1.7,-1.2,0.4,2.0,3.2,3.2,7.5,7.2,5.3,5.3,3.7,3.5,4.8,5.5,3.0,4.4,4.3,3.9,5.9,-1.5,2.0,3.0,-0.2,2.3,1.8,4.6,4.0,-1.8,5.7,0.5,3.6,5.8,6.1,7.0,1.7,9.9,3.5,0.1,-6.1,12.0,1.9,9.6,5.7
584,Marshall Islands,-1.4,-1.6,30.7,12.1,-3.2,-2.9,-0.8,2.3,-1.1,-10.3,2.3,0.5,10.8,-0.3,-10.0,19.7,5.2,4.0,-4.5,0.3,-2.0,6.1,5.2,5.3,7.8,-10.6,-6.0,-1.6,-2.3,1.4,6.0,3.0,-1.9,-1.0,1.5,0.0,3.3,-7.6,3.7,5.4,0.0,-0.4,5.2,0.6,4.2,4.3,6.0,7.1,14.1,1.1,4.4,2.1,-0.9,6.5
478,Mauritania,-2.3,-2.8,-3.7,5.3,6.9,3.6,-3.2,-10.1,6.9,-2.1,1.0,-10.3,-0.4,-4.9,0.4,2.8,-0.6,-1.7,1.1,-3.5,-0.1,-1.7,4.4,1.3,-5.0,8.4,-6.2,0.1,0.9,-6.6,-3.2,-0.8,4.5,2.3,6.0,15.4,-4.5,-3.2,-3.0,-0.6,0.8,1.1,0.9,1.2,2.3,-1.7,3.1,1.7,0.1,-3.2,-2.1,3.7,3.7,3.3
480,Mauritius,2.8,6.5,10.3,6.6,-0.1,20.5,5.1,2.4,2.0,-11.5,4.2,4.0,-1.0,3.3,5.4,8.3,8.8,5.5,3.4,5.9,2.8,4.8,3.7,3.0,3.2,4.0,4.7,5.1,1.7,7.2,2.6,1.0,5.2,3.7,1.2,4.3,5.2,5.0,3.0,4.1,3.8,3.3,4.6,3.7,3.7,3.9,4.0,4.2,3.1,-14.3,3.7,9.0,5.2,4.9
484,Mexico,1.0,5.2,5.2,3.1,2.6,1.4,0.7,5.4,6.4,5.7,6.3,-2.9,-6.3,1.4,0.7,-5.7,-0.2,-0.7,2.2,3.1,2.2,1.7,1.4,2.5,-7.6,4.4,5.4,4.5,1.1,3.4,-1.9,-1.7,-0.2,2.2,0.7,3.4,0.7,-0.5,-7.7,3.5,2.0,2.2,-0.4,1.3,1.6,0.8,0.9,1.0,-1.3,-9.1,5.3,2.9,2.2,0.5
583,Micronesia (FS of),-0.6,-1.6,30.4,12.2,-2.4,-2.0,0.0,2.7,-1.0,-10.0,6.4,-5.5,-1.0,-6.7,13.3,5.0,-0.8,3.4,-1.1,2.1,4.0,2.0,4.5,-0.6,3.2,-3.5,-6.4,2.7,1.1,4.3,1.4,0.5,2.0,-2.5,2.5,0.3,-1.0,-1.6,2.0,2.7,3.0,-2.0,-3.9,-2.6,4.3,0.6,2.3,-0.2,1.2,-2.2,2.4,-3.3,0.0,0.2
492,Monaco,3.8,3.3,5.5,3.6,-2.0,2.8,2.0,2.7,2.4,0.7,0.4,1.5,-0.2,0.1,0.3,1.1,1.3,3.6,3.3,2.0,0.2,0.7,-1.4,1.6,1.4,0.7,1.6,2.9,3.0,3.8,2.0,1.2,1.0,3.0,2.0,6.3,15.2,0.6,-13.3,-0.4,4.6,-1.2,7.3,5.2,3.1,1.6,-4.2,4.4,7.2,-13.1,20.7,10.1,5.4,9.7
496,Mongolia,1.9,0.8,5.9,1.3,3.5,0.9,4.8,4.6,1.7,3.9,5.8,5.8,3.3,3.4,3.1,6.7,0.9,2.4,1.8,-4.3,-10.3,-10.7,-4.6,0.7,5.0,1.0,2.8,2.3,2.2,0.3,2.0,3.8,6.1,9.7,6.4,7.7,9.3,7.8,-2.4,4.9,15.4,10.3,9.4,5.6,-0.9,-0.7,3.5,5.6,3.5,-6.3,0.1,3.6,6.0,3.5
499,Montenegro,,,,,,,,,,,,,,,,,,,,,-11.2,-23.8,-36.7,1.2,14.0,27.3,6.4,4.5,-8.3,14.5,1.1,1.9,2.5,4.4,4.1,8.6,7.2,7.0,-5.9,2.8,3.3,-2.6,3.4,2.7,3.1,4.1,3.9,5.5,5.1,-14.5,13.8,5.8,3.3,2.4
500,Montserrat,2.3,1.6,2.6,3.7,4.5,-1.4,-1.4,8.1,10.1,9.4,4.9,5.9,-5.4,3.8,6.5,3.1,4.1,9.7,3.9,7.8,-4.9,4.7,3.2,12.9,-2.1,-19.1,-13.8,-7.7,4.3,11.1,9.5,6.7,0.1,2.9,4.0,-3.7,0.4,3.5,-2.2,-6.7,3.1,4.0,-4.6,2.8,7.3,1.0,0.3,6.6,-0.2,-1.0,5.7,5.7,0.9,4.4
504,Morocco,1.4,1.3,1.0,3.0,4.9,8.1,3.5,-0.3,2.2,1.5,-5.3,6.8,-3.1,1.8,3.8,5.8,-4.4,8.4,0.6,2.0,5.1,-5.6,-2.6,8.7,-8.0,10.5,-3.7,6.1,-0.9,0.2,6.1,2.0,5.0,3.5,1.6,6.3,1.3,5.7,8.7,3.7,6.0,2.1,4.8,3.9,3.1,-0.7,3.8,1.9,1.8,-8.1,7.1,0.8,2.6,2.8
508,Mozambique,4.9,2.0,1.6,3.0,-1.2,2.1,-3.7,-2.7,-0.8,1.4,-0.7,-5.9,-15.0,1.0,-10.5,-0.2,5.6,6.0,6.9,0.7,4.1,-9.4,7.5,-0.5,-3.8,7.1,8.8,7.9,9.3,-1.4,10.4,7.2,4.8,5.8,3.9,7.4,5.1,4.3,3.2,3.9,4.2,4.9,3.5,4.6,4.3,1.7,-0.4,0.4,-0.6,-4.1,-0.6,1.3,2.4,-0.8
104,Myanmar,1.0,-1.8,-0.6,1.0,2.1,3.5,3.2,4.2,2.7,5.9,4.3,3.5,2.3,2.8,0.8,-2.9,-5.7,-12.8,2.1,1.3,-2.1,8.2,4.6,6.1,5.6,5.1,4.3,3.7,9.6,12.5,10.2,10.9,12.8,12.6,12.7,12.3,11.2,9.6,9.9,9.3,4.7,6.4,7.5,7.1,6.1,3.3,4.5,3.5,4.2,-2.1,1.6,2.7,2.8,-1.8
516,Namibia,2.2,-1.0,0.9,3.9,-0.9,-1.4,-2.6,1.1,2.1,5.1,-0.2,-2.2,-4.4,-2.9,-2.4,1.6,0.3,-2.7,-4.4,-3.9,4.6,3.8,-4.7,-1.4,0.9,0.4,1.6,0.7,0.8,1.1,-0.9,3.0,2.7,10.8,1.3,5.7,4.0,1.2,-1.2,4.4,3.3,2.7,2.9,3.4,1.5,-2.6,-3.7,-1.7,-3.6,-10.7,0.6,2.5,1.9,1.4
520,Nauru,2.1,2.1,2.1,2.1,2.0,-3.9,-4.2,-4.6,-5.0,-5.1,-5.2,-5.2,-4.9,-4.7,-4.8,-4.9,-5.0,-5.1,-5.1,-5.2,-20.9,-17.7,-16.8,-4.2,-8.2,-12.0,-9.1,-11.8,-6.5,-6.7,-6.4,-9.5,0.5,-4.3,-12.0,-19.6,0.5,95.8,-18.2,8.4,12.9,9.8,7.5,33.7,0.8,2.5,-7.5,-2.5,7.5,1.5,6.6,2.1,0.0,1.1
524,Nepal,-3.3,0.9,-2.6,4.0,-0.8,2.1,0.7,2.0,0.0,-4.6,5.8,1.4,-5.3,7.1,3.8,2.3,-0.4,5.5,2.0,2.1,3.6,1.2,1.0,5.5,1.0,3.0,3.1,0.9,2.6,4.3,3.9,-0.1,3.9,4.8,3.7,3.7,3.9,6.7,5.2,5.6,4.1,4.4,3.3,5.7,3.4,0.0,8.8,7.4,5.4,-4.2,3.0,4.8,2.1,3.8
528,Netherlands,3.1,1.5,4.9,3.4,-0.8,4.0,1.3,1.7,1.3,2.4,-1.5,-1.7,1.6,2.6,2.0,2.2,1.2,2.7,3.8,3.4,1.6,0.9,0.5,2.3,2.6,2.9,3.7,4.0,4.3,3.5,1.5,-0.4,-0.4,1.7,1.8,3.4,3.6,1.7,-4.2,0.8,1.3,-1.4,-0.3,1.2,1.7,1.8,2.1,1.6,1.6,-4.4,5.7,4.0,-1.6,0.3
540,New Caledonia,2.2,-1.3,-15.2,7.7,1.8,-1.0,0.1,8.5,-14.6,-1.5,-8.0,1.4,-3.3,0.1,2.8,-2.6,3.9,32.3,8.7,1.0,2.1,-2.1,-2.0,0.1,3.4,-1.8,-0.2,-5.2,2.3,0.4,-0.1,0.5,2.8,2.1,2.1,4.3,2.9,-0.6,1.0,5.2,2.5,-0.1,0.0,0.2,0.1,-0.3,1.6,0.4,-1.4,-2.6,-2.5,2.9,1.8,-14.3
554,New Zealand,2.2,3.2,5.6,3.8,-3.4,-0.1,-4.3,0.3,2.2,1.1,4.2,0.1,2.4,3.8,1.0,-4.0,1.3,1.6,-0.1,-1.2,-4.0,-0.2,5.2,4.4,2.4,1.9,1.9,0.3,4.5,1.7,3.0,3.5,2.8,1.7,1.9,1.1,2.7,-2.3,1.0,-0.1,1.7,2.0,0.9,2.1,2.2,1.7,2.2,2.0,0.6,-1.4,3.8,3.4,0.5,-1.5
558,Nicaragua,1.7,0.2,2.1,9.3,-0.9,1.9,3.1,-9.8,-28.4,1.8,2.4,-3.5,1.9,-4.0,-6.3,-3.3,-3.0,-14.4,-4.0,-2.4,-2.5,-1.9,-2.6,1.2,3.8,4.4,2.2,2.1,5.5,2.7,1.6,-0.5,1.3,4.1,2.9,2.7,3.6,2.0,-4.7,2.9,4.8,5.0,3.5,3.4,3.4,3.2,3.2,-4.6,-4.1,-3.5,9.1,2.2,3.0,2.2
562,Niger,2.9,-7.7,-19.2,5.9,-5.4,-2.0,4.8,10.3,4.0,-5.1,-2.4,-1.4,-7.5,-19.2,4.6,-4.7,-4.3,2.9,-3.7,-3.8,-2.7,-2.9,-2.2,-0.6,-0.1,1.6,-2.8,9.0,-2.4,-5.9,3.8,1.6,-0.2,-4.3,3.6,1.3,-5.3,6.1,-3.1,4.7,-0.4,8.2,1.2,3.4,0.9,0.2,2.1,4.0,2.0,1.1,-2.2,8.5,-1.2,5.0
566,Nigeria,11.6,4.6,3.5,7.9,-2.1,4.1,5.1,-5.8,-5.7,-0.9,-3.9,-9.6,-13.2,-3.6,3.0,-2.6,0.5,4.5,-0.8,8.8,-2.3,1.9,-4.6,-4.4,-2.7,1.5,0.3,-0.1,-2.0,2.2,3.1,12.2,4.4,6.3,3.5,3.2,3.7,3.8,5.1,6.7,5.9,5.4,6.5,7.6,4.0,-0.3,2.2,3.5,3.9,-8.3,-1.0,2.2,1.2,1.9
807,North Macedonia,,,,,,,,,,,,,,,,,,,,,-2.8,-7.1,0.0,-1.1,-1.4,0.5,0.8,2.8,3.8,4.1,-3.5,1.1,1.9,4.4,4.6,5.2,6.8,6.0,0.1,3.8,2.9,0.2,3.6,4.4,4.8,3.9,2.1,4.0,5.1,-3.4,5.7,3.4,3.0,3.5
578,Norway,4.9,4.5,3.8,3.3,4.4,5.3,3.7,3.5,4.0,4.2,1.2,-0.1,3.6,5.8,5.2,3.7,1.3,-0.8,0.6,1.6,2.6,3.0,2.2,4.5,3.6,4.5,4.7,2.1,1.4,2.6,1.6,0.8,0.4,3.4,2.0,1.6,1.9,-0.8,-3.2,-0.5,-0.2,1.4,-0.2,0.9,0.8,0.3,1.7,0.2,0.4,-1.9,3.4,2.3,-1.1,1.0
512,Oman,-1.7,6.2,-16.4,23.8,23.3,10.9,12.1,11.8,-1.1,0.5,11.2,5.6,6.8,7.9,7.8,-4.2,-9.6,-0.6,-2.4,3.0,1.0,3.7,1.8,3.6,5.8,4.0,7.4,2.3,-1.1,4.8,3.3,-1.9,-3.3,0.3,0.5,2.4,2.7,6.6,3.7,-0.2,-7.8,-5.6,-2.6,-3.0,0.4,0.1,-2.9,0.0,-1.0,-1.9,3.1,2.7,-5.0,-2.8
586,Pakistan,-1.2,-1.3,3.5,2.3,0.2,1.5,0.6,4.6,1.2,4.3,2.6,2.6,3.1,1.8,4.2,2.0,2.9,4.1,1.6,1.0,1.6,4.7,-1.0,0.8,2.0,6.5,2.6,4.3,5.4,6.0,0.8,0.1,2.9,5.2,4.7,3.6,1.7,-0.6,0.9,-1.0,0.4,1.1,2.7,2.6,2.8,5.2,3.0,4.4,0.8,-3.0,4.5,3.0,-1.6,1.7
585,Palau,-3.2,-3.2,-2.7,-1.0,0.3,0.4,2.0,0.2,0.5,0.2,-1.4,-2.7,-0.5,2.0,2.7,2.9,3.2,3.2,3.3,3.3,2.5,0.0,-14.4,4.8,13.7,7.6,1.6,-0.2,-5.5,-8.1,1.1,4.0,-0.6,0.0,2.1,0.7,2.5,-4.0,-4.4,2.1,6.6,3.3,-0.7,4.0,8.5,0.6,-3.5,0.1,0.5,-6.0,-11.9,-0.3,1.4,12.2
591,Panama,6.6,1.8,2.6,-0.3,-1.0,-0.9,-1.4,7.2,2.0,12.5,6.4,1.4,-3.8,-0.2,2.7,2.1,0.8,-12.1,-0.6,5.8,7.1,6.0,3.3,0.8,-0.3,0.8,4.3,5.2,1.9,0.7,-1.4,0.3,2.2,5.5,5.2,6.5,10.1,8.2,-0.2,4.3,9.7,8.2,5.4,3.6,4.3,3.5,4.1,2.3,1.5,-18.9,15.1,9.4,6.0,1.6
598,Papua New Guinea,1.5,3.1,-0.2,-0.1,-2.6,-5.1,-6.6,6.3,-0.3,-4.3,-2.3,-1.2,1.3,-3.1,1.4,3.4,0.6,0.7,-3.6,-5.5,6.1,9.9,14.0,2.2,-6.7,2.9,-9.6,1.1,-1.6,-5.8,-3.4,-1.4,1.0,-2.7,0.6,-0.9,4.5,-3.3,3.6,6.9,-1.8,1.8,1.1,10.6,3.9,2.9,1.1,-2.6,2.1,-5.2,-2.5,3.7,1.9,2.3
600,Paraguay,3.3,4.3,4.9,5.8,4.6,4.6,8.2,8.6,8.6,8.5,5.8,-3.7,-5.7,0.2,1.1,-2.8,1.4,3.4,2.9,0.3,-0.2,-0.8,1.5,0.6,2.9,-1.9,0.7,-1.6,-3.5,-5.2,0.3,13.4,3.0,2.9,1.0,3.7,4.4,5.5,-1.3,9.8,2.9,-2.1,6.7,3.8,1.5,2.8,3.3,1.8,-1.7,-2.2,2.7,-1.2,4.0,3.4
604,Peru,2.0,0.8,3.6,6.7,1.7,-1.0,-2.1,-5.0,1.5,3.3,3.0,-2.7,-12.6,1.1,-0.4,6.9,7.2,-11.5,-14.3,-7.1,0.1,-2.5,3.1,10.1,5.3,0.9,4.5,-2.2,-0.2,1.1,-0.7,4.2,3.1,3.9,5.3,6.7,7.7,8.4,0.5,7.6,5.5,5.3,4.9,1.4,2.1,2.6,1.0,2.1,0.5,-12.0,12.3,1.8,-1.5,2.2
608,Philippines,2.9,3.0,6.4,1.2,3.1,6.1,2.8,2.4,2.8,2.5,0.8,0.9,-1.0,-9.7,-9.4,0.9,1.6,3.9,3.5,0.5,-2.8,-1.9,-0.2,2.1,2.4,3.4,2.7,-3.0,0.7,1.9,0.8,1.6,3.0,4.5,3.0,3.6,4.7,2.5,-0.4,5.2,1.8,4.8,4.8,4.6,4.8,5.7,5.6,5.0,4.8,-10.5,4.8,6.8,4.7,4.8
616,Poland,6.7,3.8,3.3,6.1,4.9,6.9,6.1,4.5,2.9,-6.9,-10.8,-5.6,4.6,4.7,2.8,3.5,1.4,3.7,-0.2,-1.8,-7.3,2.3,3.6,5.2,6.9,6.1,6.4,4.7,4.8,4.7,1.3,1.9,3.6,5.2,3.4,6.4,6.9,4.5,2.6,2.9,4.9,1.4,0.7,3.9,4.4,3.0,5.2,6.3,4.6,-1.9,7.3,4.3,-0.7,3.5
620,Portugal,6.4,6.4,9.7,-0.2,-5.6,5.4,4.2,1.5,4.5,3.5,0.9,1.6,-0.6,-2.2,2.6,4.0,6.3,7.5,6.5,4.1,4.6,1.2,-2.2,0.7,3.9,3.1,4.0,4.3,3.3,3.1,1.2,0.2,-1.3,1.5,0.6,1.4,2.3,0.2,-3.2,1.7,-1.5,-3.7,-0.5,1.2,1.9,2.2,3.5,3.0,2.6,-8.4,5.4,6.7,3.0,2.2
630,Puerto Rico,4.7,5.6,4.2,-1.6,-4.1,3.6,4.8,4.9,4.4,0.0,-0.3,-4.2,-0.6,6.2,1.1,7.2,4.0,5.7,4.1,2.9,1.4,3.6,3.8,3.4,3.8,1.6,4.2,4.8,4.7,2.9,6.2,1.0,0.2,3.2,-1.7,-1.1,-0.8,-1.5,-1.6,0.1,0.5,1.1,0.8,0.0,0.2,0.0,0.1,-2.0,1.7,-3.8,1.1,3.3,0.5,3.2
634,Qatar,-2.6,-0.4,0.3,-3.3,-2.7,0.1,-14.0,1.4,-1.6,-7.2,-5.2,-12.3,-7.2,-0.8,-7.0,0.8,-3.6,2.2,2.6,0.0,-4.8,7.8,-4.4,-1.6,-0.6,1.5,24.9,5.5,-1.2,2.6,-1.1,2.2,-0.9,14.8,0.7,7.1,-5.0,-0.3,0.7,8.3,6.7,-0.6,-1.0,-3.5,-4.3,-3.8,-5.4,-0.8,-0.6,-3.7,1.2,1.4,-1.4,0.0
410,Republic of Korea,8.3,5.1,12.7,7.6,6.2,11.7,11.0,9.8,7.5,-2.6,5.9,6.6,11.6,9.0,6.5,10.0,11.3,10.6,5.7,8.6,10.0,5.8,6.4,8.8,9.2,7.4,5.6,-5.5,11.0,8.6,4.1,7.2,2.6,4.8,4.0,4.9,5.5,2.6,0.4,6.5,2.9,1.6,2.3,2.3,2.0,2.5,3.1,2.9,2.1,-0.9,4.6,2.9,1.6,2.1
498,Republic of Moldova,,,,,,,,,,,,,,,,,,,,,-17.6,-29.0,-1.0,-30.7,-0.9,-5.3,2.4,-5.7,-2.5,3.2,7.3,9.0,7.9,8.7,9.1,6.6,4.9,9.9,-4.1,9.3,8.0,1.5,11.4,7.1,1.0,6.2,5.6,5.4,4.9,-7.0,15.6,-5.2,0.3,1.2
642,Romania,11.4,9.2,9.1,11.1,9.1,9.9,7.4,6.5,5.6,3.6,-0.4,3.5,5.6,5.6,-0.4,2.0,0.5,-0.8,-6.1,-5.8,-12.9,-8.6,1.8,4.3,7.6,4.4,-4.3,-1.5,0.2,3.0,5.8,6.4,3.2,11.4,5.6,8.9,8.1,10.1,-4.9,-3.2,5.3,2.5,0.8,4.6,3.7,3.3,8.7,6.6,4.4,-3.1,6.3,4.4,2.7,1.4
643,Russian Federation,,,,,,,,,,,,,,,,,,,,,-5.3,-14.2,-8.2,-12.7,-4.2,-3.5,1.5,-5.2,6.6,10.4,5.5,4.9,7.4,7.6,6.8,8.5,8.7,5.3,-7.9,4.5,3.9,3.8,1.5,-0.1,-2.2,-0.1,1.5,2.6,2.1,-2.5,6.3,-1.3,4.2,4.8
646,Rwanda,-1.7,-2.6,0.5,-2.1,-4.9,16.0,2.1,6.6,6.1,5.6,2.1,-1.5,2.5,-7.4,0.9,1.1,-3.1,-3.1,0.1,-4.9,-5.6,4.5,-12.0,-39.9,59.8,1.4,3.2,9.4,10.2,7.5,7.5,11.7,0.0,4.6,6.5,6.3,4.8,8.3,3.5,4.7,5.3,6.1,2.2,3.1,6.3,3.2,2.3,5.6,6.8,-4.9,6.1,7.4,6.2,4.9
659,Saint Kitts and Nevis,7.4,5.2,4.4,5.9,2.9,6.4,6.6,4.2,8.1,8.9,1.9,0.9,1.7,9.4,9.2,11.5,7.2,10.0,6.3,5.7,-1.7,3.4,5.4,4.0,4.0,4.5,5.5,-1.8,1.8,12.0,3.9,1.0,-4.0,3.7,9.9,3.3,0.5,6.1,-3.6,0.1,1.5,-1.0,5.6,7.5,0.7,4.0,0.3,2.1,3.1,-15.2,0.6,10.6,2.9,0.1
662,Saint Lucia,3.7,1.2,0.0,4.2,2.8,16.9,7.6,6.0,1.2,-7.0,1.0,1.3,3.9,5.2,5.8,15.0,1.2,12.7,6.2,1.9,-0.6,5.7,-1.2,0.2,-0.4,5.4,-1.7,4.9,1.0,-1.6,-4.4,-0.5,3.4,6.4,-1.1,5.4,1.2,4.3,-2.2,-0.2,3.8,-0.6,-2.4,0.9,-0.3,3.0,3.0,2.5,-1.1,-24.0,11.1,20.4,3.0,4.4
882,Samoa,11.8,0.2,5.8,-12.4,-6.3,6.7,-2.4,5.2,12.2,-6.9,-9.8,-1.5,0.3,1.2,3.9,5.4,0.1,-1.8,3.4,-4.6,-2.5,-0.8,3.2,-3.3,5.2,6.6,0.6,1.5,2.3,6.3,7.2,2.4,5.1,3.9,4.6,0.6,6.0,-2.5,-1.8,0.8,0.8,-4.7,1.8,1.7,5.2,3.6,-1.4,1.9,1.7,-11.0,3.5,4.9,11.2,2.2
674,San Marino,0.4,1.7,6.0,5.3,-2.2,6.8,-2.1,-1.7,4.5,2.2,-0.3,-0.6,0.4,2.7,2.2,2.2,3.0,3.5,2.0,0.6,0.2,-0.5,7.2,5.5,7.8,3.5,3.7,6.2,7.7,0.9,4.3,-1.0,2.6,3.3,1.0,2.5,2.2,0.3,-13.9,-6.3,-13.8,-11.1,-3.5,-1.3,-6.7,1.7,0.0,0.4,1.7,-7.0,14.5,9.4,1.5,1.2
678,Sao Tome and Principe,3.1,0.1,-0.6,3.3,2.9,-0.9,20.2,0.2,13.4,-3.4,-12.2,1.2,-5.6,-7.8,7.0,-7.9,-5.3,-0.6,0.5,-4.5,-1.0,-1.2,-0.7,0.5,0.4,0.0,-0.4,1.2,1.3,-0.7,1.4,-0.4,4.3,1.3,4.5,6.5,0.8,5.6,0.9,-0.8,-0.1,0.9,3.1,3.0,-0.2,3.4,2.5,2.8,0.5,0.7,-0.2,-1.8,-1.6,-0.9
682,Saudi Arabia,10.2,13.3,16.5,10.3,-10.3,9.2,0.2,-5.4,4.7,-0.2,-3.0,-21.1,-16.3,-9.5,-12.4,-4.6,-8.5,1.1,-4.5,4.2,3.2,-0.1,-4.0,-3.3,-3.8,-0.7,-1.2,-1.0,-4.2,0.2,-4.7,-5.5,3.7,3.8,1.4,-1.0,-1.9,2.0,-4.9,1.1,7.7,2.0,-0.6,0.5,1.2,-0.8,1.0,4.6,1.3,-5.4,5.4,9.1,-2.7,0.5
686,Senegal,-3.1,3.3,-8.4,1.2,4.6,6.1,-5.0,-8.4,7.0,-5.7,-3.7,12.3,-0.5,-6.6,0.9,1.6,1.0,2.1,-4.2,1.0,-3.2,-0.6,-4.9,0.2,2.1,2.7,-1.1,1.6,6.6,1.4,1.8,-2.4,3.1,2.2,1.9,0.0,0.5,1.3,0.3,1.0,-1.2,1.3,-0.6,2.9,3.2,3.2,4.3,3.3,6.2,3.0,8.3,2.0,1.8,4.1
688,Serbia,,,,,,,,,,,,,,,,,,,,,-11.9,-28.3,-30.6,5.6,8.9,6.0,8.8,6.9,14.1,6.6,7.4,7.0,4.9,7.0,6.3,4.3,8.2,5.6,-2.8,2.0,0.5,0.1,1.1,-1.1,2.0,3.7,3.1,5.4,5.6,-0.1,9.1,3.3,4.1,4.4
690,Seychelles,13.2,3.7,6.4,-1.1,0.7,13.5,6.3,7.2,13.9,-4.1,-7.6,-2.5,-2.7,6.9,9.1,0.2,3.2,4.1,8.9,6.2,1.6,6.1,5.1,-1.9,-1.7,0.9,14.0,9.8,0.3,-1.7,-3.7,-0.2,-7.6,-3.3,7.7,8.1,9.5,-2.9,-1.8,4.9,3.6,1.5,3.8,2.4,6.3,9.5,4.5,2.6,3.2,-13.7,-1.7,10.4,0.3,1.5
694,Sierra Leone,-1.4,-0.9,1.6,1.6,-1.8,-2.5,-1.0,1.9,3.1,0.8,1.9,-0.3,-2.2,2.1,0.1,-1.0,1.3,-0.3,0.8,-0.4,-9.1,-7.9,0.3,3.1,-10.2,-25.1,-18.7,-1.8,-8.6,1.3,11.4,33.2,17.1,15.0,13.5,13.8,1.5,1.1,-1.2,3.5,5.3,7.8,11.9,-10.0,-6.6,4.0,0.8,0.5,3.1,-3.5,3.5,3.0,3.4,2.2
702,Singapore,10.5,11.4,8.8,4.5,2.5,5.9,5.4,6.5,8.3,7.9,6.7,3.2,6.2,7.4,-1.1,1.0,9.3,8.6,6.8,6.2,3.4,3.7,8.4,7.8,3.7,3.6,4.5,-4.8,4.0,7.2,-3.0,3.2,4.8,9.0,5.0,5.6,4.5,-2.6,-3.1,12.1,4.1,2.2,3.0,2.6,1.7,2.8,4.0,2.9,0.7,-3.0,11.2,2.2,-0.6,3.6
534,Sint Maarten (Dutch part),,,,,,,,,,,,,,,,,,,,,,,,,,,,,,,,,,,,3.6,2.9,0.1,-1.3,0.2,-1.1,7.3,7.0,0.0,-0.7,-1.2,-9.0,-8.8,8.7,-21.6,5.6,12.3,2.3,1.9
703,Slovakia,,,,,,,,,,,,,,,,,,,,,-14.8,-6.9,1.5,5.9,5.6,6.0,5.3,3.7,-0.5,0.8,2.9,4.5,4.9,5.4,6.5,8.9,10.8,5.3,-5.6,6.7,2.4,1.4,0.6,2.6,5.1,1.8,2.7,3.9,2.1,-2.7,5.9,-0.1,1.3,2.3
705,Slovenia,,,,,,,,,,,,,,,,,,,,,-9.0,-5.3,3.1,5.5,4.1,3.0,5.3,3.3,5.2,3.2,2.7,3.2,3.1,4.5,3.7,5.6,6.6,2.8,-8.1,0.7,0.4,-3.1,-1.0,2.7,2.3,3.0,5.1,4.0,2.8,-5.0,7.8,2.6,2.0,1.6
90,Solomon Islands,2.8,0.0,6.4,17.1,-11.3,10.1,7.9,5.9,17.5,-9.5,3.0,-4.5,-10.3,3.6,-0.6,-3.9,-0.9,2.0,3.5,3.5,-0.5,8.1,-1.3,4.9,10.3,1.9,-1.4,3.6,-1.0,-13.4,-6.8,-1.5,7.3,5.8,5.5,2.3,1.9,4.4,1.0,6.7,3.5,-1.3,1.6,-2.4,-1.9,1.9,-0.4,-0.6,-0.9,-5.5,-2.6,-4.9,0.4,0.6
706,Somalia,-0.5,11.9,-14.5,-1.8,11.8,-4.3,10.6,-1.5,-16.0,-6.6,5.4,2.4,-14.4,-0.4,5.2,-6.1,6.2,3.3,5.6,2.8,7.0,-4.0,1.1,-21.9,0.3,4.2,-2.3,2.3,3.1,2.9,2.9,3.7,3.7,3.2,3.5,3.3,3.4,3.6,4.0,4.1,5.9,5.7,-5.8,11.8,19.5,12.3,5.3,-0.6,-0.9,-6.4,-0.3,-0.3,1.0,0.5
710,South Africa,1.3,-1.2,1.6,3.2,-1.1,-0.5,-2.8,0.2,1.0,3.4,1.8,-3.8,-5.2,1.5,-4.5,-3.1,-1.0,1.1,-0.6,-3.1,-0.6,-1.3,1.9,1.5,1.9,3.0,1.4,-0.7,1.3,3.3,1.8,2.7,1.9,3.5,4.2,4.5,4.3,2.0,-2.7,1.8,1.9,0.9,0.8,-0.3,-0.7,-0.3,0.5,-0.1,-1.4,-7.7,3.3,0.6,-0.5,-0.7
728,South Sudan,,,,,,,,,,,,,,,,,,,,,,,,,,,,,,,,,,,,,,,4.0,-5.6,-3.9,-53.4,25.0,27.2,8.1,-4.3,1.9,5.2,8.2,-5.8,-3.9,-6.5,-1.2,-29.0
724,Spain,3.6,7.0,6.6,4.3,-0.7,2.2,1.8,0.5,-0.8,1.4,-0.9,0.6,1.2,1.3,1.9,2.9,5.2,4.8,4.6,3.6,2.2,0.4,-1.6,1.9,2.3,2.1,3.1,3.8,3.9,4.7,3.4,1.5,1.1,1.4,1.8,2.3,1.7,-0.8,-4.6,-0.3,-1.0,-2.9,-1.1,1.8,4.1,2.8,2.6,1.9,1.2,-11.4,6.6,6.0,2.5,3.2
144,Sri Lanka,-1.6,1.1,1.5,2.0,1.5,1.9,2.2,6.7,4.1,4.2,3.8,3.9,4.1,4.7,4.3,3.0,0.4,1.7,0.9,5.6,4.0,2.7,5.1,4.1,3.8,1.8,4.4,2.8,2.4,4.1,-2.9,2.9,5.2,4.7,5.6,7.7,6.8,5.9,3.6,8.1,8.0,7.8,3.1,5.4,3.3,4.2,5.6,1.5,-0.9,-5.3,3.6,-7.9,-2.9,4.4
670,St. Vincent and the Grenadines,2.0,24.7,-11.9,-9.6,-8.4,9.5,2.0,8.9,2.7,1.7,3.8,3.6,1.3,5.7,5.4,4.9,-0.2,13.4,0.8,3.6,1.5,6.9,2.8,-1.4,8.2,2.3,4.4,5.8,4.9,2.4,1.8,5.5,6.9,4.4,2.8,7.4,3.8,0.9,-0.9,-4.0,-0.1,1.7,3.0,1.7,3.3,4.7,2.3,3.8,1.5,-4.1,2.9,5.9,4.5,4.8
275,State of Palestine,12.1,13.9,-6.9,18.2,-1.9,12.0,-3.7,9.9,-4.2,11.4,-9.0,5.2,-7.3,0.7,-3.9,16.4,-7.2,-6.4,-1.7,14.3,-8.1,18.8,6.0,11.2,2.8,-2.8,10.1,10.3,5.0,-11.3,-11.8,-14.6,11.5,19.2,8.7,-3.4,1.2,4.8,6.0,3.3,7.0,3.6,2.3,-2.4,1.3,6.3,-0.9,-1.0,-0.8,-13.3,4.6,1.7,-2.9,-24.1
729,Sudan,,,,,,,,,,,,,,,,,,,,,,,,,,,,,,,,,,,,,,,5.5,5.7,-4.8,-1.4,4.4,4.2,0.9,0.5,1.1,-0.7,-4.2,-4.2,-4.5,-3.5,-30.4,-24.0
736,Sudan (Former),-0.8,-8.0,-3.0,7.4,11.9,12.8,2.8,-9.3,-8.5,-2.3,3.4,-1.6,-7.9,-8.3,3.5,12.1,-2.1,7.6,-6.6,5.6,4.4,2.6,-1.0,3.4,3.2,3.5,3.6,5.6,1.6,5.4,7.7,3.0,4.5,2.4,6.1,3.6,2.7,-0.9,5.2,3.5,,,,,,,,,,,,,,
740,Suriname,3.0,3.2,4.4,-6.6,10.7,9.8,11.2,6.4,-4.9,-8.0,7.1,-4.5,-4.5,-2.8,12.6,-3.1,-8.4,7.2,2.9,-4.9,2.1,-0.2,-7.1,2.7,-1.7,-1.1,3.6,0.2,-3.4,0.0,2.1,0.7,4.2,6.4,2.8,4.6,3.9,3.8,2.7,4.8,5.5,2.4,2.6,0.0,-3.6,-5.9,0.5,3.9,0.1,-16.9,-3.3,1.5,1.6,2.1
752,Sweden,0.3,2.0,3.8,2.9,2.2,0.7,-1.9,1.5,3.6,1.5,0.3,1.2,1.9,4.1,2.0,2.5,3.0,2.1,2.0,0.0,-1.8,-1.7,-2.6,3.3,3.6,1.5,3.0,4.2,4.1,4.5,1.1,1.9,1.5,3.8,2.4,4.1,2.5,-1.7,-5.1,4.9,2.4,-1.1,0.3,1.3,3.3,0.9,0.5,0.6,1.6,-2.6,4.6,0.6,-0.8,0.5
756,Switzerland,3.5,2.4,2.3,0.9,-7.2,-0.8,2.8,0.4,2.3,4.2,1.0,-1.9,0.2,2.6,3.2,1.3,0.9,2.5,3.5,2.7,-2.1,-1.2,-1.0,0.5,-0.2,0.0,2.0,2.7,1.2,3.4,1.0,-0.8,-0.8,2.0,2.1,3.4,3.0,1.5,-3.5,2.1,0.7,0.1,0.6,1.1,0.5,1.0,0.4,2.1,0.4,-2.9,4.8,2.0,-0.2,0.7
760,Syrian Arab Republic,6.3,20.9,-11.6,20.0,15.5,7.2,-4.6,5.1,0.2,8.3,5.9,-1.2,-2.0,-7.4,2.4,-8.2,-1.5,9.5,-19.7,1.3,4.6,10.0,2.1,4.1,4.0,6.9,2.3,4.1,-6.0,-1.8,1.3,5.3,-1.8,4.3,3.5,0.6,-0.6,0.8,4.3,2.8,1.1,-26.0,-22.6,-4.1,0.0,-3.8,0.7,1.1,-1.1,-2.0,-0.9,-3.0,-8.6,-6.9
762,Tajikistan,,,,,,,,,,,,,,,,,,,,,-9.5,-30.4,-17.5,-22.7,-14.2,-18.4,0.5,4.7,3.2,7.0,7.4,8.7,9.0,8.1,4.7,4.6,5.7,5.5,1.9,4.3,0.2,5.0,4.8,4.0,3.3,4.3,6.1,5.0,4.9,2.0,7.1,5.7,6.1,6.3
764,Thailand,2.2,1.3,7.0,1.7,2.3,6.9,7.5,8.1,3.1,2.6,3.8,3.3,3.6,3.8,2.7,3.7,7.6,11.4,10.4,9.3,6.7,7.5,7.0,6.4,6.6,4.2,-4.0,-8.8,3.3,3.3,2.4,5.1,6.2,5.3,3.3,4.1,4.6,0.9,-1.4,6.8,0.2,6.6,2.1,0.5,2.7,3.0,3.7,3.9,1.9,-6.2,1.4,2.6,2.1,2.6
626,Timor-Leste,,,,,,,,,,,,,,,,,,,,,8.2,7.6,7.2,4.2,3.8,5.1,-1.3,-7.2,-29.0,27.0,6.7,-13.8,-6.2,-0.9,0.9,-6.9,7.2,8.4,7.4,6.7,3.5,2.6,1.0,2.4,0.5,1.1,-5.0,-2.4,21.8,29.2,3.5,-21.6,-19.0,-10.2
768,Togo,3.8,0.6,-6.7,1.6,-3.0,-2.9,3.1,7.4,3.3,-7.2,-9.1,-6.9,-8.3,2.4,0.5,0.2,-5.4,6.8,1.1,2.8,-2.6,-6.0,-15.8,13.5,2.2,3.7,0.6,-5.0,-0.2,-3.7,-1.8,1.2,4.1,-3.5,4.2,12.0,7.7,1.1,2.5,3.0,3.0,3.5,3.1,3.0,2.8,3.1,1.4,2.2,2.4,-0.3,2.7,3.3,4.0,3.0
776,Tonga,0.6,0.7,0.3,0.6,-0.1,-1.6,3.3,1.4,1.5,15.5,13.8,14.7,5.8,1.7,6.6,2.1,2.6,-2.5,0.0,-2.3,6.2,0.1,3.7,4.9,2.8,0.0,-1.0,1.6,1.6,3.1,0.9,3.9,-0.5,-2.5,-1.0,-2.7,-2.9,4.5,-5.4,0.6,6.6,2.5,-0.8,2.4,1.6,7.2,3.4,0.3,-0.4,1.8,-0.7,-1.7,3.2,2.1
780,Trinidad and Tobago,-0.1,4.5,0.4,2.5,0.2,5.2,7.8,8.6,2.3,9.0,3.4,2.6,-11.3,-6.8,-5.3,-4.5,-5.7,-4.9,-1.7,0.6,1.9,-2.4,-2.1,2.9,3.4,6.6,7.3,7.8,7.6,6.5,3.7,7.4,13.9,7.4,5.7,13.0,4.0,2.9,-4.9,2.8,-0.9,0.7,2.7,3.1,-1.0,-8.0,-5.4,-2.6,-0.5,-8.6,-1.2,0.3,1.0,2.2
788,Tunisia,7.3,14.8,-3.2,5.2,4.3,5.1,0.7,3.9,4.1,5.0,3.1,-2.6,2.5,3.3,3.0,-4.5,2.4,-0.7,1.2,4.9,1.7,5.6,0.2,1.3,0.8,5.6,4.0,3.6,4.8,3.1,2.7,0.3,3.7,5.2,2.6,4.3,5.7,3.2,2.0,2.4,-1.9,4.1,2.8,2.9,1.2,0.0,1.2,1.6,0.6,-9.5,4.0,2.3,-0.4,0.7
792,T?rkiye,3.1,4.9,0.9,3.3,5.0,8.2,1.3,-0.5,-2.6,-4.4,2.8,1.4,2.5,4.3,2.0,4.8,7.3,0.1,-1.7,7.2,-0.8,4.2,6.2,-7.1,5.5,5.4,6.0,1.7,-4.5,5.6,-6.9,5.2,4.5,8.6,7.8,5.9,4.0,-0.3,-6.0,7.1,9.9,3.4,6.8,2.7,3.5,1.3,5.6,1.4,-0.3,1.0,10.7,5.1,4.9,2.9
795,Turkmenistan,,,,,,,,,,,,,,,,,,,,,-7.0,-16.9,-0.7,-19.0,-8.9,4.9,-12.9,5.3,14.4,3.4,2.3,-1.7,1.3,3.0,10.9,8.9,9.0,12.6,4.1,13.8,10.5,3.8,-2.5,1.5,0.7,-3.2,2.0,2.5,2.8,-3.7,7.6,1.3,2.3,1.2
796,Turks and Caicos Islands,9.0,7.6,7.5,7.4,7.4,7.4,7.4,7.2,7.3,6.9,5.8,5.4,5.6,5.7,5.9,5.9,6.0,6.5,6.9,5.8,4.8,4.2,6.4,7.5,2.3,4.6,2.8,6.2,4.2,0.6,2.4,-3.9,3.7,5.9,9.0,12.6,1.0,3.7,-22.8,-2.9,0.9,-6.5,-3.5,4.4,6.6,2.5,-6.4,1.4,1.4,-28.8,27.2,12.6,12.9,4.9
798,Tuvalu,-2.0,-2.1,-1.7,-4.1,-6.3,-5.3,-7.8,-5.7,-3.5,-3.1,0.4,-17.5,7.2,5.9,-3.6,20.0,10.2,17.2,-3.6,13.6,2.1,1.5,3.1,9.3,-5.8,-6.6,5.0,19.1,-1.0,12.8,1.0,7.3,-3.8,-2.9,-5.3,1.7,5.0,5.7,-5.4,-4.7,5.8,-5.2,5.4,2.4,10.6,7.4,3.9,2.8,15.3,-1.6,2.1,-10.0,5.9,4.9
835,U.R. of Tanzania: Mainland,0.6,3.0,-0.6,-1.1,2.1,2.6,-3.2,-2.3,-0.1,-0.2,-3.5,-2.4,-5.5,0.1,1.2,-1.4,1.6,1.0,1.3,4.5,3.1,1.0,0.9,-0.9,0.4,2.3,0.6,1.7,2.1,2.0,3.2,4.5,4.1,4.9,4.4,1.9,5.4,2.8,2.8,3.7,4.9,2.1,3.6,3.5,2.8,3.3,3.2,3.7,3.8,1.4,1.7,1.6,2.1,2.5
800,Uganda,-0.1,-2.5,-2.3,-2.5,-3.9,-2.6,-1.3,-6.5,-14.6,-5.4,1.7,5.3,3.7,-7.1,-3.1,-1.4,3.2,4.4,3.5,2.8,2.1,1.1,3.4,7.1,6.4,3.4,2.5,6.1,3.2,1.4,5.5,3.8,2.9,2.7,6.8,4.0,4.9,7.2,3.8,16.4,1.5,0.7,-3.2,5.2,3.2,-2.5,3.4,2.0,4.2,-4.6,2.4,2.7,2.1,3.6
804,Ukraine,,,,,,,,,,,,,,,,,,,,,-8.9,-10.2,-14.3,-22.5,-11.5,-9.3,-2.1,-1.2,0.6,6.8,10.2,6.2,10.4,12.6,3.9,8.3,8.7,2.8,-14.8,0.6,5.8,0.5,0.2,-6.2,-9.4,2.8,2.8,4.0,3.8,-3.2,4.3,-23.1,14.8,2.6
784,United Arab Emirates,-2.1,-0.4,1.0,2.2,-4.3,1.4,1.8,-14.3,10.8,13.5,-5.0,-13.5,-10.3,-1.3,-7.5,-23.9,-1.0,-8.6,6.7,11.0,-4.6,-1.9,-3.6,3.7,3.5,-0.8,0.2,-5.8,-2.8,4.9,-4.9,-3.6,2.7,3.7,-0.4,2.3,-8.1,-6.0,-9.2,0.2,2.9,0.5,0.4,-0.5,1.7,1.5,-3.2,0.3,0.9,-9.4,0.9,2.8,0.4,0.4
826,United Kingdom,1.6,3.3,7.1,-1.7,-0.7,2.8,2.4,3.4,2.7,-2.3,-1.4,2.1,3.6,2.5,3.3,3.7,4.3,4.8,2.0,0.5,-1.6,1.0,3.2,4.7,3.3,2.4,4.6,2.9,2.6,4.1,2.0,1.3,2.7,1.7,2.1,1.4,2.1,-0.8,-5.3,1.4,0.1,0.8,1.0,2.4,1.3,1.4,2.3,0.9,0.7,-10.4,8.0,4.4,-0.5,0.5
840,United States,2.0,4.1,4.6,-1.5,-1.1,4.4,3.6,4.5,2.2,-1.2,1.5,-2.8,3.5,6.2,3.2,2.5,2.5,3.2,2.7,0.8,-1.3,2.3,1.6,2.9,1.6,2.8,3.5,3.5,3.8,3.1,0.0,0.7,1.8,2.8,2.5,1.7,1.0,-0.9,-3.5,1.7,0.6,1.3,1.2,1.6,2.0,0.9,1.5,2.1,1.8,-2.6,5.9,2.1,2.4,2.2
858,Uruguay,-0.4,-2.1,-0.2,2.5,5.2,3.3,0.5,4.7,5.7,5.6,1.5,-9.8,-6.3,-1.5,1.0,8.3,7.3,-0.6,0.7,0.3,2.6,8.5,2.1,6.7,-2.0,5.0,4.4,4.0,-2.4,-2.3,-4.1,-7.9,0.7,4.9,7.4,4.0,6.4,6.9,4.0,7.5,6.4,4.7,5.8,4.3,1.4,3.2,1.5,0.0,0.8,-7.4,5.9,4.7,0.8,3.2
810,USSR (Former),4.3,1.9,6.7,3.8,1.7,5.1,4.1,4.1,2.4,4.1,4.4,6.7,3.7,3.0,0.4,0.5,1.0,4.1,5.9,7.7,,,,,,,,,,,,,,,,,,,,,,,,,,,,,,,,,,
860,Uzbekistan,,,,,,,,,,,,,,,,,,,,,-2.9,-13.4,-4.5,-7.2,-2.9,-0.2,3.4,2.8,2.9,2.7,3.2,2.9,3.0,6.1,5.6,7.4,9.3,8.7,7.8,8.2,5.9,5.5,5.6,5.1,5.4,4.1,2.6,3.8,4.9,-0.3,6.0,3.9,4.2,4.5
548,Vanuatu,-0.4,-0.2,13.5,30.5,-7.5,-1.1,-4.0,14.0,1.0,-13.5,1.9,8.1,28.7,4.2,-1.4,-4.5,-2.1,-2.0,0.8,2.2,9.4,-3.2,2.0,0.1,2.3,0.3,0.2,0.0,-1.3,2.8,-4.5,-4.1,0.1,1.5,2.8,5.9,2.6,0.7,0.5,-1.1,0.9,-1.2,-1.7,0.3,1.7,1.2,2.0,0.5,0.9,-7.2,-3.8,2.8,-0.3,-1.3
862,Venezuela (Bolivarian Republic of),0.0,0.2,3.1,3.0,3.0,5.7,3.7,-0.8,-1.5,-4.7,-3.0,-2.0,-8.1,-3.9,-2.4,3.8,0.9,3.2,-10.8,3.9,7.1,3.6,-2.0,-4.5,1.8,-2.3,4.2,-1.7,-7.8,1.7,1.5,-10.5,-9.4,16.3,8.5,8.1,7.1,3.8,-4.5,-2.8,2.8,4.3,0.1,-5.0,-7.2,-17.6,-15.1,-17.6,-25.5,-28.8,1.7,8.1,3.7,4.9
704,Viet Nam,1.4,-0.3,-3.6,0.2,0.6,8.2,10.6,-0.9,4.4,-5.5,3.3,5.6,4.6,5.8,3.2,1.2,0.5,3.0,2.6,2.9,3.8,6.5,6.0,6.9,7.7,7.7,6.6,4.3,3.4,5.6,5.8,6.0,6.3,6.5,6.6,10.7,10.4,8.8,8.9,10.4,5.2,4.3,4.3,5.1,5.7,5.4,5.6,6.3,6.3,1.9,1.7,7.7,4.4,6.4
887,Yemen,,,,,,,,,,,,,,,,,,,,14.8,-3.5,1.0,0.2,-1.5,12.5,16.5,1.9,1.5,1.3,4.4,2.8,2.0,2.7,1.6,1.9,1.3,0.2,0.7,-1.7,0.9,-17.8,-4.1,2.2,-13.9,-38.0,-17.5,-13.2,-3.7,-1.5,-1.7,-3.7,-1.4,-4.9,-4.4
886,Yemen Arab Republic (Former),4.5,10.9,2.7,8.3,8.2,3.8,7.9,2.9,1.4,2.2,-0.4,5.9,-0.4,-1.5,1.7,1.7,1.3,0.5,1.2,1.3,,,,,,,,,,,,,,,,,,,,,,,,,,,,,,,,,,
720,Yemen Democratic (Former),-14.6,-4.3,-17.9,-5.2,-9.1,23.6,16.5,13.4,-0.2,12.0,5.0,12.2,1.1,2.6,-6.0,-15.2,-0.1,1.1,8.3,-2.6,,,,,,,,,,,,,,,,,,,,,,,,,,,,,,,,,,
890,Yugoslavia (Former),8.3,1.0,1.9,13.8,-0.5,4.3,7.6,8.1,4.0,1.5,0.6,-0.1,-2.0,0.9,0.5,3.5,1.4,-2.2,1.2,-11.9,,,,,,,,,,,,,,,,,,,,,,,,,,,,,,,,,,
894,Zambia,-0.6,6.8,-4.4,0.4,-3.6,-0.3,-6.0,-3.8,-6.8,0.9,-3.8,-0.8,-0.3,-3.6,-3.0,-0.4,-0.2,-0.8,-1.7,-1.8,-4.4,-4.1,4.3,-10.8,0.4,3.6,1.2,-3.0,1.9,1.0,2.2,1.3,3.7,3.7,3.8,4.2,4.6,4.0,5.4,6.5,2.1,4.2,1.7,1.4,-0.2,0.6,0.4,1.0,-1.5,-5.6,3.3,2.3,2.5,0.9
836,Zanzibar,,,,,,,,,,,,,,,,,,,,,2.6,3.5,3.2,1.5,0.5,12.6,35.5,-25.4,4.6,0.5,6.1,4.4,2.9,3.5,1.7,-0.6,6.9,1.2,3.4,1.4,3.8,3.6,0.8,2.8,2.8,2.4,4.5,4.0,4.0,-1.5,2.3,4.1,4.8,4.5
716,Zimbabwe,5.6,5.2,-0.2,-0.7,-2.2,-3.8,-8.6,-3.6,2.2,4.4,5.7,-1.3,-2.2,-5.3,3.3,-1.2,-2.2,4.2,2.2,4.1,2.8,-9.6,0.6,5.7,-0.8,7.9,-0.5,-1.5,-5.1,-9.0,-0.9,-6.8,-8.6,-4.7,-5.0,-4.8,-4.5,-5.9,57.3,17.8,12.2,14.8,0.6,1.0,12.2,11.0,15.3,15.2,3.3,-9.3,6.6,4.3,3.5,-0.1
