dates,Norway,Algeria,Russia,Azerbaijan,Libya,UK net flows,LNG,EU total,Nord Stream,Ukraine Gas Transit,"Yamal (BY,PL)",Turkstream
01/01/2022,264,93,279,31,8,79,236,990,159,67,16,24
02/01/2022,265,99,263,31,8,79,256,"1,001",161,54,10,26
03/01/2022,265,97,252,31,11,83,279,"1,017",159,45,10,27
04/01/2022,265,96,245,28,10,62,295,"1,002",158,41,5,28
05/01/2022,248,99,266,30,9,16,311,978,161,42,22,28
06/01/2022,247,96,246,29,7,5,307,937,159,39,6,28
07/01/2022,264,95,251,29,8,28,306,980,161,41,6,29
08/01/2022,263,97,244,27,6,36,284,957,158,39,5,28
09/01/2022,264,97,242,27,6,32,284,952,158,38,5,28
10/01/2022,265,95,260,27,8,33,327,"1,015",158,44,5,35
11/01/2022,263,94,252,30,8,20,349,"1,016",158,39,5,33
12/01/2022,265,95,268,30,8,22,343,"1,031",158,53,5,37
13/01/2022,254,85,258,30,8,23,353,"1,011",158,49,5,35
14/01/2022,258,93,256,30,9,18,351,"1,015",158,42,5,40
15/01/2022,251,96,252,31,6,18,334,987,158,40,5,38
16/01/2022,251,97,251,31,6,17,338,991,158,39,5,37
17/01/2022,249,96,259,30,10,15,370,"1,029",161,40,5,42
18/01/2022,224,90,250,30,8,9,397,"1,008",158,37,5,39
19/01/2022,256,84,250,31,7,17,386,"1,030",158,36,5,41
20/01/2022,260,88,250,30,7,12,359,"1,006",158,36,5,40
21/01/2022,259,90,256,30,7,17,338,997,158,43,5,39
22/01/2022,263,97,249,30,6,18,325,986,158,36,5,38
23/01/2022,260,98,243,29,4,20,320,974,158,34,5,36
24/01/2022,259,94,267,30,10,18,384,"1,060",158,52,5,42
25/01/2022,262,92,276,29,8,15,405,"1,087",161,55,5,41
26/01/2022,263,90,295,24,8,13,399,"1,091",161,76,5,42
27/01/2022,254,96,290,24,8,23,405,"1,099",161,71,5,41
28/01/2022,255,95,277,24,7,14,362,"1,034",161,59,5,41
29/01/2022,260,95,271,24,5,14,340,"1,009",161,55,5,39
30/01/2022,259,97,268,24,5,12,340,"1,006",161,54,5,37
31/01/2022,265,96,280,24,8,11,350,"1,034",161,60,9,37
01/02/2022,265,95,342,28,8,35,323,"1,096",170,94,26,45
02/02/2022,265,92,322,28,8,40,346,"1,101",170,77,26,41
03/02/2022,264,92,310,28,8,47,354,"1,103",171,68,23,41
04/02/2022,264,93,317,29,5,48,352,"1,107",170,68,23,41
05/02/2022,265,98,322,26,1,42,305,"1,059",171,75,24,41
06/02/2022,265,99,314,26,0,45,297,"1,046",171,77,24,41
07/02/2022,264,99,321,28,0,36,325,"1,072",171,84,24,40
08/02/2022,266,97,300,28,0,48,333,"1,070",170,71,16,41
09/02/2022,267,98,302,27,0,42,341,"1,077",171,64,25,40
10/02/2022,265,98,287,29,0,35,352,"1,066",167,44,22,40
11/02/2022,260,98,271,28,0,32,344,"1,034",166,40,24,38
12/02/2022,266,98,271,28,0,27,325,"1,016",166,40,23,38
13/02/2022,265,99,272,30,0,34,296,995,166,40,23,38
14/02/2022,264,98,287,30,0,31,325,"1,033",167,50,23,41
15/02/2022,264,97,308,33,0,30,330,"1,062",171,59,23,41
16/02/2022,264,96,267,32,0,27,325,"1,011",160,40,23,43
17/02/2022,256,96,261,33,5,31,345,"1,027",160,37,22,41
18/02/2022,245,97,265,32,8,24,349,"1,021",165,37,23,38
19/02/2022,246,97,266,32,6,24,284,956,160,34,23,37
20/02/2022,257,98,269,32,6,25,272,961,160,35,23,37
21/02/2022,259,97,270,33,8,28,291,985,160,39,23,37
22/02/2022,258,97,276,32,7,32,292,995,165,39,23,38
23/02/2022,261,96,298,32,7,31,303,"1,028",171,49,23,39
24/02/2022,261,96,334,32,7,32,296,"1,057",170,75,23,45
25/02/2022,260,96,372,32,7,33,288,"1,089",170,103,27,48
26/02/2022,260,97,393,32,6,53,282,"1,122",171,108,40,49
27/02/2022,260,96,382,32,6,59,281,"1,117",170,107,31,48
28/02/2022,261,95,381,32,8,53,319,"1,148",170,104,31,50
01/03/2022,261,93,390,32,6,48,330,"1,162",170,99,48,51
02/03/2022,263,94,368,32,8,41,328,"1,133",171,99,49,42
03/03/2022,215,94,366,33,8,43,327,"1,084",166,99,53,41
04/03/2022,260,94,372,32,7,41,320,"1,127",175,99,50,41
05/03/2022,251,95,374,32,4,35,307,"1,099",172,100,52,41
06/03/2022,255,97,370,32,3,34,297,"1,087",170,99,50,41
07/03/2022,257,93,373,32,6,27,346,"1,133",171,99,51,42
08/03/2022,259,96,372,32,4,41,369,"1,174",170,99,51,42
09/03/2022,259,96,373,32,2,48,365,"1,175",171,100,50,42
10/03/2022,259,96,373,33,2,42,347,"1,151",170,99,52,42
11/03/2022,263,96,375,33,2,53,361,"1,183",171,99,54,42
12/03/2022,261,97,372,33,2,48,324,"1,136",170,99,52,42
13/03/2022,262,98,369,33,2,39,311,"1,114",170,99,52,42
14/03/2022,259,97,371,33,1,43,314,"1,119",171,99,52,41
15/03/2022,253,97,341,35,1,40,342,"1,108",170,93,27,41
16/03/2022,247,96,314,36,3,41,360,"1,097",157,84,23,41
17/03/2022,259,97,301,36,5,51,340,"1,088",146,83,22,41
18/03/2022,265,96,304,34,9,60,359,"1,127",133,96,23,41
19/03/2022,265,97,319,32,5,69,334,"1,120",134,95,23,41
20/03/2022,265,97,318,32,5,67,326,"1,111",134,95,23,41
21/03/2022,266,96,329,32,8,50,358,"1,139",141,98,23,41
22/03/2022,262,96,342,32,9,69,354,"1,164",153,99,24,41
23/03/2022,262,95,339,33,8,64,356,"1,156",152,96,24,41
24/03/2022,266,96,348,33,8,75,353,"1,177",163,94,23,41
25/03/2022,266,97,353,32,8,74,349,"1,180",171,94,23,40
26/03/2022,254,82,347,31,5,54,311,"1,083",163,98,22,38
27/03/2022,266,82,354,32,5,52,305,"1,096",171,99,23,35
28/03/2022,264,94,358,32,7,45,355,"1,155",171,99,23,39
29/03/2022,266,95,365,32,9,35,372,"1,173",171,99,25,40
30/03/2022,265,96,382,32,9,42,341,"1,167",171,98,38,40
31/03/2022,265,98,382,32,10,55,340,"1,182",170,99,41,39
01/04/2022,261,96,341,32,13,77,332,"1,151",170,104,22,33
02/04/2022,265,96,349,32,10,93,317,"1,163",171,105,30,32
03/04/2022,265,96,353,32,10,94,327,"1,175",171,105,33,34
04/04/2022,266,95,356,32,13,88,368,"1,218",171,105,33,38
05/04/2022,268,96,353,32,13,92,377,"1,230",171,105,29,38
06/04/2022,269,96,347,32,11,92,370,"1,216",171,105,28,34
07/04/2022,268,97,337,36,9,95,351,"1,192",170,101,25,31
08/04/2022,270,98,315,36,8,96,337,"1,159",170,87,19,30
09/04/2022,269,98,302,36,4,99,342,"1,150",171,75,19,29
10/04/2022,269,94,303,36,5,92,329,"1,128",170,76,19,29
11/04/2022,269,92,327,33,9,93,343,"1,166",171,91,19,37
12/04/2022,269,96,305,33,9,103,363,"1,177",171,69,19,37
13/04/2022,268,95,295,33,9,100,368,"1,169",170,61,19,36
14/04/2022,269,95,306,33,7,98,334,"1,143",171,76,19,32
15/04/2022,269,95,294,36,9,99,336,"1,137",170,65,20,31
16/04/2022,267,93,278,36,6,94,322,"1,095",171,51,19,28
17/04/2022,267,94,278,36,6,94,334,"1,109",170,51,19,29
18/04/2022,266,94,280,36,8,96,348,"1,127",171,51,19,31
19/04/2022,268,95,279,31,7,101,348,"1,130",170,50,20,32
20/04/2022,267,95,282,33,10,98,352,"1,135",171,51,20,33
21/04/2022,266,95,282,36,10,94,362,"1,144",171,52,19,33
22/04/2022,258,95,279,36,11,92,368,"1,139",170,53,19,29
23/04/2022,262,93,263,36,7,90,343,"1,095",169,43,15,29
24/04/2022,266,94,266,36,7,87,347,"1,102",171,47,12,28
25/04/2022,250,94,282,36,9,62,397,"1,130",171,64,10,29
26/04/2022,254,93,279,35,9,73,417,"1,160",171,50,21,30
27/04/2022,247,94,259,34,8,55,404,"1,100",168,59,1,23
28/04/2022,266,93,258,36,10,69,398,"1,130",168,58,0,24
29/04/2022,265,93,258,34,10,72,383,"1,116",168,60,0,23
30/04/2022,265,92,263,37,7,68,374,"1,106",168,65,0,23
01/05/2022,265,92,297,36,7,70,357,"1,124",168,90,0,30
02/05/2022,265,93,326,35,9,80,359,"1,166",171,97,18,32
03/05/2022,265,93,325,36,9,89,375,"1,192",170,97,18,31
04/05/2022,265,94,330,36,9,87,373,"1,193",171,96,18,34
05/05/2022,268,94,334,35,10,90,368,"1,197",170,97,18,38
06/05/2022,269,96,334,35,9,91,358,"1,191",171,97,19,37
07/05/2022,265,96,302,35,5,91,339,"1,133",171,86,0,37
08/05/2022,265,95,312,27,5,86,337,"1,127",171,96,0,36
09/05/2022,269,98,322,25,9,85,359,"1,166",171,97,9,36
10/05/2022,269,99,301,28,9,85,331,"1,121",170,86,2,34
11/05/2022,268,98,281,33,8,87,332,"1,107",170,71,,30
12/05/2022,269,97,268,35,9,93,338,"1,110",170,61,,28
13/05/2022,269,97,273,36,9,92,371,"1,148",171,60,,34
14/05/2022,269,96,277,37,6,96,346,"1,128",171,64,,34
15/05/2022,269,98,277,34,6,94,327,"1,105",171,64,,33
16/05/2022,268,93,265,34,9,94,347,"1,110",171,54,,31
17/05/2022,269,78,255,34,9,94,363,"1,102",171,47,,29
18/05/2022,244,77,259,30,8,91,346,"1,055",170,52,,29
19/05/2022,269,78,266,32,9,90,360,"1,103",171,61,,25
20/05/2022,265,92,261,32,8,91,357,"1,106",171,61,,21
21/05/2022,256,87,240,34,6,92,343,"1,058",171,42,,22
22/05/2022,262,84,238,33,6,92,346,"1,061",171,41,,21
23/05/2022,262,85,237,35,9,99,367,"1,092",171,41,,23
24/05/2022,261,91,238,36,9,98,369,"1,102",171,44,,22
25/05/2022,262,86,238,35,9,91,369,"1,089",171,43,,23
26/05/2022,260,85,240,35,8,93,355,"1,076",171,43,,24
27/05/2022,261,86,238,36,6,96,350,"1,072",168,45,,23
28/05/2022,259,86,237,36,7,96,325,"1,045",171,43,,22
29/05/2022,263,86,237,36,6,93,324,"1,045",170,43,,21
30/05/2022,264,84,239,34,8,97,360,"1,086",171,43,,23
31/05/2022,264,84,219,35,8,98,366,"1,073",153,41,,23
01/06/2022,268,91,233,34,8,97,348,"1,078",170,39,,21
02/06/2022,266,76,234,35,8,94,355,"1,068",169,41,,22
03/06/2022,268,73,229,35,8,96,354,"1,062",167,40,,20
04/06/2022,267,75,223,36,6,94,331,"1,030",155,40,,24
05/06/2022,267,75,226,35,6,95,315,"1,019",155,40,,26
06/06/2022,268,78,226,35,8,96,317,"1,028",158,40,,24
07/06/2022,261,90,218,35,7,95,322,"1,027",154,39,,22
08/06/2022,157,91,217,35,7,92,338,937,151,42,,22
09/06/2022,187,94,215,35,7,66,324,926,145,42,,24
10/06/2022,210,95,214,33,7,46,337,942,146,40,,24
11/06/2022,265,90,211,35,5,75,317,998,142,41,,24
12/06/2022,266,88,212,35,7,85,306,"1,000",145,41,,22
13/06/2022,251,92,183,35,8,96,345,"1,010",117,40,,22
14/06/2022,266,92,170,35,9,95,355,"1,022",102,41,,23
15/06/2022,267,91,167,35,9,95,385,"1,048",96,40,,27
16/06/2022,267,90,147,35,9,93,385,"1,027",70,40,,29
17/06/2022,268,91,148,33,9,89,362,"1,000",68,40,,32
18/06/2022,267,93,146,33,5,91,315,950,68,40,,30
19/06/2022,267,92,148,33,5,88,291,926,68,40,,32
20/06/2022,267,103,152,33,6,95,341,997,68,39,,34
21/06/2022,267,103,118,36,6,96,385,"1,011",68,41,,0
22/06/2022,267,96,116,35,6,94,359,972,68,40,,0
23/06/2022,267,97,116,32,6,94,369,981,68,40,,0
24/06/2022,267,97,116,32,6,91,320,930,68,40,,0
25/06/2022,268,92,117,35,5,86,325,926,68,40,,0
26/06/2022,268,93,116,35,6,86,314,919,68,40,,0
27/06/2022,268,95,133,35,8,90,343,971,68,41,,16
28/06/2022,268,95,151,34,8,89,360,"1,005",68,40,,34
29/06/2022,268,97,154,34,6,95,336,991,68,41,,35
30/06/2022,269,103,160,36,6,97,342,"1,011",68,42,,37
01/07/2022,266,94,156,36,6,95,359,"1,012",68,40,,37
02/07/2022,268,84,151,35,5,92,329,964,68,40,,36
03/07/2022,269,84,151,35,5,92,324,959,68,40,,35
04/07/2022,269,94,153,35,6,97,354,"1,008",69,40,,36
05/07/2022,268,95,154,35,6,99,357,"1,015",68,39,,37
06/07/2022,269,93,157,35,6,95,356,"1,010",68,40,,37
07/07/2022,268,95,150,33,6,100,343,994,68,39,,37
08/07/2022,269,98,149,36,6,91,334,983,68,39,,37
09/07/2022,268,97,149,36,5,96,342,993,69,38,,37
10/07/2022,268,95,147,36,5,95,350,997,68,38,,36
11/07/2022,237,83,89,36,5,94,375,921,6,40,,42
12/07/2022,223,97,87,36,5,88,409,944,0,39,,46
13/07/2022,240,97,87,37,5,94,416,976,0,39,,46
14/07/2022,262,100,88,37,5,96,412,999,0,39,,47
15/07/2022,268,102,87,37,6,96,403,"1,000",0,38,,46
16/07/2022,268,101,87,37,6,94,393,985,0,39,,46
17/07/2022,268,90,85,36,5,87,376,947,0,38,,45
18/07/2022,268,100,88,36,6,88,396,981,0,39,,46
19/07/2022,266,84,88,37,5,81,390,953,0,40,,46
20/07/2022,259,63,88,34,8,93,398,942,0,39,,46
21/07/2022,259,60,165,37,8,81,407,"1,016",67,40,,46
22/07/2022,259,60,167,36,9,86,408,"1,025",68,39,,47
23/07/2022,259,59,165,35,6,79,379,981,68,39,,46
24/07/2022,267,61,164,35,6,74,379,985,68,38,,45
25/07/2022,267,61,162,37,8,82,398,"1,015",68,38,,45
26/07/2022,267,58,159,38,10,87,398,"1,017",65,38,,46
27/07/2022,266,78,133,39,9,86,402,"1,012",36,39,,46
28/07/2022,257,79,130,39,9,87,401,"1,001",34,39,,46
29/07/2022,262,78,124,39,7,91,374,975,34,38,,47
30/07/2022,255,79,121,34,8,86,336,918,34,38,,46
31/07/2022,255,81,119,34,8,85,335,917,31,38,,45
01/08/2022,261,85,116,32,8,83,369,954,33,38,,41
02/08/2022,267,93,120,35,9,76,370,969,34,37,,43
03/08/2022,266,94,119,35,9,83,358,965,34,37,,43
04/08/2022,267,94,117,36,7,49,362,932,34,38,,40
05/08/2022,267,97,122,36,7,84,329,941,34,37,,42
06/08/2022,266,92,122,35,6,85,311,916,34,37,,41
07/08/2022,267,93,120,36,6,87,303,910,34,37,,39
08/08/2022,267,95,117,36,11,90,340,954,34,37,,36
09/08/2022,266,97,119,36,8,94,335,955,34,37,,37
10/08/2022,266,98,114,35,7,95,332,947,34,37,,37
11/08/2022,267,98,126,35,5,35,353,919,34,42,,43
12/08/2022,262,100,125,35,5,96,316,938,34,37,,48
13/08/2022,246,83,124,29,4,85,313,884,34,37,,47
14/08/2022,248,86,121,25,4,81,285,851,34,37,,45
15/08/2022,248,80,121,25,4,86,307,870,34,37,,45
16/08/2022,251,95,128,25,6,87,322,914,34,42,,47
17/08/2022,258,89,119,25,8,87,324,909,34,37,,44
18/08/2022,261,97,120,25,6,91,305,906,34,36,,45
19/08/2022,266,99,125,25,6,91,317,929,34,42,,45
20/08/2022,267,86,121,26,5,89,322,915,34,37,,46
21/08/2022,266,85,120,26,5,95,295,891,34,36,,45
22/08/2022,266,98,120,26,8,96,303,917,34,37,,46
23/08/2022,262,94,125,25,5,95,337,944,34,43,,44
24/08/2022,262,101,118,26,5,94,341,946,34,37,,44
25/08/2022,266,101,124,26,5,95,325,942,34,43,,44
26/08/2022,261,102,118,26,5,96,311,919,34,37,,44
27/08/2022,257,86,121,29,7,92,306,896,34,37,,46
28/08/2022,260,86,123,28,6,91,295,888,34,37,,48
29/08/2022,253,98,119,31,6,90,318,915,34,37,,45
30/08/2022,261,102,115,31,8,93,350,958,28,38,,45
31/08/2022,266,105,81,30,8,92,358,940,0,37,,40
01/09/2022,264,106,88,30,8,93,349,937,,39,,45
02/09/2022,261,105,87,35,5,83,351,928,,39,,45
03/09/2022,253,87,84,36,5,91,321,878,,38,,42
04/09/2022,251,88,82,36,5,85,304,850,,38,,40
05/09/2022,251,97,77,36,8,82,339,889,,39,,34
06/09/2022,265,100,84,36,5,87,331,908,,38,,40
07/09/2022,193,101,86,36,6,93,358,872,,39,,42
08/09/2022,238,101,84,36,6,91,366,923,,39,,40
09/09/2022,224,99,86,36,6,92,327,870,,39,,41
10/09/2022,228,99,85,36,5,92,292,837,,38,,41
11/09/2022,236,100,86,36,5,93,279,836,,38,,42
12/09/2022,247,103,86,36,6,93,285,856,,38,,43
13/09/2022,244,105,87,35,6,78,296,852,,39,,43
14/09/2022,250,102,90,36,6,80,309,872,,38,,46
15/09/2022,251,108,89,36,6,80,318,889,,39,,45
16/09/2022,253,103,88,36,6,93,333,912,,38,,44
17/09/2022,250,95,80,36,5,93,309,868,,38,,36
18/09/2022,250,94,80,36,5,94,306,865,,38,,36
19/09/2022,260,90,82,36,6,95,334,902,,38,,37
20/09/2022,262,89,86,36,6,95,376,948,,38,,41
21/09/2022,258,86,84,33,6,91,394,952,,38,,40
22/09/2022,252,98,84,34,6,95,389,957,,38,,40
23/09/2022,260,106,82,34,6,93,374,955,,39,,38
24/09/2022,243,118,79,34,5,93,323,894,,39,,35
25/09/2022,248,114,77,34,6,90,315,884,,39,,33
26/09/2022,241,102,79,34,9,89,351,904,,38,,35
27/09/2022,250,108,78,36,9,93,335,907,,39,,33
28/09/2022,262,106,77,36,9,95,320,905,,39,,33
29/09/2022,258,108,80,36,6,91,345,924,,41,,33
30/09/2022,249,111,77,36,6,87,344,909,,40,,31
01/10/2022,260,84,71,36,5,77,333,866,,38,,28
02/10/2022,268,94,70,36,5,84,323,880,,38,,27
03/10/2022,266,109,74,36,7,86,366,943,,38,,31
04/10/2022,267,96,77,36,7,91,381,954,,37,,34
05/10/2022,267,103,73,36,8,91,360,937,,38,,29
06/10/2022,268,104,74,39,10,88,347,929,,38,,30
07/10/2022,267,105,75,38,10,88,367,949,,39,,30
08/10/2022,267,105,73,37,8,79,335,905,,38,,30
09/10/2022,267,105,74,37,6,81,336,906,,38,,30
10/10/2022,267,104,76,37,10,92,391,978,,38,,33
11/10/2022,265,107,81,37,11,85,398,984,,40,,36
12/10/2022,260,107,81,37,8,89,377,959,,40,,35
13/10/2022,265,106,84,37,9,92,376,969,,40,,37
14/10/2022,265,107,82,37,9,96,375,970,,38,,37
15/10/2022,266,91,78,37,6,78,342,898,,38,,34
16/10/2022,266,91,77,37,6,82,321,881,,38,,33
17/10/2022,265,91,76,37,9,90,357,923,,37,,34
18/10/2022,266,89,80,37,12,89,340,914,,38,,36
19/10/2022,263,88,79,37,13,89,320,888,,37,,37
20/10/2022,262,86,79,37,12,91,323,889,,38,,36
21/10/2022,261,78,79,37,12,89,346,902,,37,,36
22/10/2022,262,77,74,37,12,81,311,854,,33,,35
23/10/2022,261,78,69,37,12,78,295,831,,33,,34
24/10/2022,263,78,65,37,14,85,328,870,,31,,34
25/10/2022,264,85,65,34,13,91,333,884,,31,,33
26/10/2022,264,86,60,34,11,91,322,868,,30,,31
27/10/2022,263,77,60,34,11,94,337,875,,28,,32
28/10/2022,252,76,64,36,11,84,332,854,,32,,32
29/10/2022,259,72,60,33,8,82,331,846,,28,,32
30/10/2022,256,72,61,32,8,88,331,848,,29,,32
31/10/2022,260,73,61,38,11,93,323,859,,29,,32
01/11/2022,250,64,56,33,11,56,336,806,,34,,22
02/11/2022,260,74,56,28,13,66,362,859,,32,,23
03/11/2022,253,60,57,32,14,87,377,880,,32,,26
04/11/2022,260,66,58,37,14,97,408,939,,29,,29
05/11/2022,263,68,60,32,11,84,384,902,,28,,27
06/11/2022,262,68,62,32,12,85,357,877,,29,,27
07/11/2022,254,68,67,37,12,90,387,914,,30,,30
08/11/2022,255,70,68,32,13,94,384,916,,31,,30
09/11/2022,255,80,72,37,13,92,409,958,,33,,31
10/11/2022,252,81,75,37,13,90,422,970,,36,,33
11/11/2022,255,81,76,37,12,94,392,945,,38,,31
12/11/2022,252,79,70,37,11,90,363,901,,35,,28
13/11/2022,254,80,69,37,10,91,374,914,,35,,28
14/11/2022,247,80,74,37,13,89,403,943,,38,,30
15/11/2022,249,80,83,35,13,36,378,874,,45,,32
16/11/2022,250,95,87,33,13,38,376,892,,48,,32
17/11/2022,248,101,87,35,13,37,375,897,,48,,31
18/11/2022,254,90,86,36,11,37,385,899,,46,,32
19/11/2022,255,80,90,38,11,33,382,889,,51,,30
20/11/2022,253,80,88,38,9,33,378,879,,51,,28
21/11/2022,257,88,90,37,12,36,398,917,,49,,32
22/11/2022,254,95,91,37,2,38,374,891,,51,,32
23/11/2022,253,94,84,35,4,32,417,919,,49,,28
24/11/2022,249,110,85,35,5,32,423,939,,46,,32
25/11/2022,255,110,88,36,3,33,419,944,,46,,33
26/11/2022,257,98,81,36,2,27,409,909,,40,,33
27/11/2022,257,101,80,36,2,29,410,916,,40,,32
28/11/2022,249,121,87,36,2,39,425,960,,48,,33
29/11/2022,227,121,82,32,3,35,446,947,,42,,34
30/11/2022,225,121,86,36,4,68,456,995,,43,,37
01/12/2022,222,97,100,36,4,72,400,932,,46,,45
02/12/2022,232,95,104,34,10,75,417,966,,47,,48
03/12/2022,231,95,100,39,9,77,420,971,,44,,47
04/12/2022,231,94,100,38,9,77,420,968,,45,,46
05/12/2022,230,101,102,37,11,78,432,991,,48,,46
06/12/2022,219,100,103,37,10,71,436,976,,46,,50
07/12/2022,214,98,103,35,10,50,433,943,,47,,49
08/12/2022,223,100,103,35,10,31,399,901,,47,,50
09/12/2022,229,102,107,38,10,36,401,922,,51,,49
10/12/2022,233,107,94,38,8,42,378,900,,45,,42
11/12/2022,231,109,95,37,8,28,381,889,,45,,43
12/12/2022,248,112,105,36,11,30,381,923,,52,,46
13/12/2022,238,113,107,36,12,40,383,929,,49,,49
14/12/2022,243,114,112,36,11,30,397,943,,53,,50
15/12/2022,242,114,114,36,11,43,425,984,,55,,48
16/12/2022,255,120,110,37,11,50,431,"1,015",,54,,46
17/12/2022,255,120,90,37,11,66,409,987,,45,,34
18/12/2022,265,121,87,37,11,67,393,981,,45,,32
19/12/2022,268,123,90,37,12,73,385,987,,46,,35
20/12/2022,262,120,84,36,11,73,372,958,,42,,34
21/12/2022,264,120,84,36,11,76,381,971,,41,,36
22/12/2022,258,120,80,36,11,82,373,959,,38,,35
23/12/2022,267,107,80,36,10,73,355,928,,40,,33
24/12/2022,261,97,75,36,9,73,350,899,,39,,30
25/12/2022,269,96,72,36,8,71,344,896,,39,,28
26/12/2022,267,94,76,36,10,74,341,897,,39,,28
27/12/2022,265,94,78,36,10,72,369,924,,39,,30
28/12/2022,271,95,79,36,11,74,366,932,,40,,31
29/12/2022,271,109,76,36,10,75,364,941,,42,,28
30/12/2022,267,110,73,36,11,60,351,909,,40,,28
31/12/2022,261,107,75,36,7,57,342,884,,38,,31
01/01/2023,260,89,64,36,7,52,331,839,,38,,26
02/01/2023,257,80,63,36,9,56,372,873,,38,,25
03/01/2023,267,80,64,36,9,65,386,908,,38,,26
04/01/2023,265,83,60,36,9,64,382,900,,34,,26
05/01/2023,267,75,59,34,3,73,357,869,,34,,26
06/01/2023,275,79,58,34,1,73,354,873,,31,,27
07/01/2023,267,80,55,34,4,51,344,836,,31,,24
08/01/2023,266,79,56,34,4,50,336,825,,31,,25
09/01/2023,268,82,57,34,9,57,366,873,,31,,26
10/01/2023,270,74,58,34,9,64,371,880,,31,,27
11/01/2023,271,72,60,33,9,64,381,890,,31,,29
12/01/2023,273,73,60,33,9,57,376,881,,31,,29
13/01/2023,269,71,60,31,9,54,368,862,,31,,29
14/01/2023,261,72,57,31,7,32,336,796,,31,,26
15/01/2023,258,72,56,31,7,31,328,781,,31,,25
16/01/2023,255,74,57,33,8,39,356,821,,31,,26
17/01/2023,263,74,53,33,8,47,366,844,,28,,25
18/01/2023,255,80,53,34,6,60,375,863,,29,,24
19/01/2023,256,79,44,33,6,48,366,834,,20,,24
20/01/2023,252,77,48,33,9,50,383,852,,21,,27
21/01/2023,258,70,45,37,6,45,352,813,,19,,26
22/01/2023,251,71,44,37,5,39,336,784,,20,,25
23/01/2023,245,65,46,37,7,43,378,822,,20,,26
24/01/2023,255,63,47,34,7,41,392,839,,20,,27
25/01/2023,257,59,48,34,7,56,389,850,,20,,28
26/01/2023,245,58,49,34,10,56,385,835,,20,,29
27/01/2023,239,58,51,34,9,36,362,790,,22,,30
28/01/2023,248,56,47,34,8,35,342,769,,19,,28
29/01/2023,251,59,46,34,3,39,342,774,,20,,26
30/01/2023,255,60,47,34,7,59,380,843,,19,,28
31/01/2023,266,60,47,34,7,61,370,845,,19,,27
01/02/2023,259,78,55,35,7,47,374,855,,25,,31
02/02/2023,265,89,59,34,8,49,371,875,,25,,34
03/02/2023,268,93,60,34,8,50,371,884,,26,,34
04/02/2023,264,90,58,34,6,42,338,831,,25,,33
05/02/2023,259,90,59,34,6,42,342,833,,25,,35
06/02/2023,223,94,65,36,7,52,358,834,,25,,40
07/02/2023,263,94,67,35,7,58,399,923,,25,,42
08/02/2023,263,93,69,35,7,66,398,932,,26,,43
09/02/2023,267,94,68,34,11,68,393,934,,26,,42
10/02/2023,242,94,68,34,10,61,387,896,,26,,42
11/02/2023,260,78,65,35,6,49,358,850,,26,,39
12/02/2023,270,78,60,35,6,43,350,842,,26,,34
13/02/2023,270,94,62,34,7,56,376,900,,26,,36
14/02/2023,267,84,62,34,7,61,374,890,,26,,36
15/02/2023,269,80,68,33,7,65,368,891,,31,,37
16/02/2023,263,95,69,33,6,63,378,906,,31,,38
17/02/2023,267,84,66,33,7,63,355,876,,31,,35
18/02/2023,258,80,64,30,6,59,345,842,,35,,29
19/02/2023,268,66,60,33,6,62,332,826,,35,,25
20/02/2023,273,74,62,30,3,66,357,865,,35,,27
21/02/2023,263,76,63,31,4,68,373,878,,36,,27
22/02/2023,257,76,63,32,5,68,391,893,,38,,25
23/02/2023,256,79,61,32,7,51,405,892,,37,,24
24/02/2023,260,80,61,33,9,53,422,917,,37,,24
25/02/2023,243,78,58,33,8,43,405,868,,34,,25
26/02/2023,266,77,60,33,8,44,382,869,,35,,26
27/02/2023,267,82,64,34,8,59,404,918,,37,,27
28/02/2023,264,93,70,34,8,59,427,954,,38,,32
01/03/2023,262,74,75,36,12,54,447,959,,38,,37
02/03/2023,267,83,73,36,10,38,459,965,,38,,35
03/03/2023,261,68,72,36,12,27,447,922,,38,,34
04/03/2023,267,51,67,36,6,22,424,873,,36,,31
05/03/2023,266,51,66,36,6,21,416,861,,35,,31
06/03/2023,267,70,66,36,7,24,372,842,,34,,32
07/03/2023,222,83,70,36,11,22,299,742,,38,,32
08/03/2023,256,85,68,35,9,19,277,749,,38,,30
09/03/2023,255,104,67,35,9,21,256,749,,38,,30
10/03/2023,258,107,66,33,11,45,277,797,,38,,28
11/03/2023,264,94,60,36,7,44,270,776,,35,,25
12/03/2023,270,93,61,36,11,42,277,790,,36,,26
13/03/2023,267,101,64,36,13,54,299,833,,37,,27
14/03/2023,262,104,65,36,12,50,311,839,,38,,27
15/03/2023,262,96,71,36,8,54,315,842,,38,,33
16/03/2023,259,95,71,36,8,71,303,842,,39,,33
17/03/2023,252,94,70,36,10,76,333,871,,38,,31
18/03/2023,269,93,63,36,7,57,334,859,,35,,28
19/03/2023,256,93,64,36,7,68,335,859,,35,,29
20/03/2023,262,92,66,36,10,78,351,895,,37,,29
21/03/2023,271,91,64,35,10,77,355,903,,38,,26
22/03/2023,273,92,66,36,10,74,338,889,,38,,28
23/03/2023,265,92,67,36,10,72,304,845,,38,,29
24/03/2023,270,91,64,36,4,71,359,895,,38,,26
25/03/2023,260,91,56,35,4,53,336,834,,33,,24
26/03/2023,268,91,57,35,4,61,321,837,,34,,23
27/03/2023,270,91,63,35,11,70,349,890,,36,,27
28/03/2023,270,91,67,36,11,76,319,870,,39,,28
29/03/2023,271,91,69,8,10,74,343,866,,39,,30
30/03/2023,272,89,66,36,10,71,355,898,,38,,27
31/03/2023,273,89,63,36,10,69,334,874,,38,,24
01/04/2023,271,97,61,35,9,90,316,880,,34,,28
02/04/2023,271,98,63,33,9,92,338,903,,34,,29
03/04/2023,268,103,66,36,9,94,383,958,,36,,30
04/04/2023,274,114,75,36,9,95,376,978,,38,,36
05/04/2023,273,116,78,37,10,99,389,"1,002",,38,,40
06/04/2023,273,116,82,36,11,98,337,951,,38,,43
07/04/2023,273,104,74,35,13,94,371,964,,34,,41
08/04/2023,250,101,71,35,10,89,367,924,,34,,38
09/04/2023,264,101,70,35,8,87,360,925,,34,,36
10/04/2023,269,105,68,35,7,88,344,916,,34,,35
11/04/2023,272,104,72,35,9,92,366,950,,36,,36
12/04/2023,271,105,80,36,7,91,373,963,,38,,43
13/04/2023,272,110,82,35,6,97,330,933,,38,,44
14/04/2023,272,110,77,35,8,97,384,984,,38,,39
15/04/2023,274,106,71,35,8,92,385,970,,35,,36
16/04/2023,275,108,71,35,7,94,392,981,,35,,36
17/04/2023,267,112,76,36,10,95,414,"1,008",,37,,39
18/04/2023,269,115,82,36,9,93,418,"1,022",,38,,44
19/04/2023,259,113,83,36,9,79,456,"1,035",,38,,45
20/04/2023,266,113,83,34,8,89,466,"1,059",,38,,44
21/04/2023,265,113,79,36,8,86,452,"1,040",,38,,41
22/04/2023,271,113,68,36,6,78,421,993,,35,,33
23/04/2023,272,112,67,36,6,73,414,980,,35,,32
24/04/2023,276,113,70,36,10,79,453,"1,036",,37,,33
25/04/2023,270,111,67,36,10,85,445,"1,022",,37,,31
26/04/2023,273,111,67,33,10,83,445,"1,022",,37,,30
27/04/2023,271,112,69,33,10,86,447,"1,028",,38,,31
28/04/2023,267,113,69,33,6,94,446,"1,028",,38,,31
29/04/2023,264,111,60,32,10,88,419,984,,34,,26
30/04/2023,265,113,59,32,10,84,422,984,,34,,25
01/05/2023,265,112,61,32,0,86,401,958,,34,,27
02/05/2023,269,97,65,34,0,83,420,968,,37,,29
03/05/2023,273,96,68,36,0,91,400,963,,38,,30
04/05/2023,271,96,67,31,0,91,414,969,,38,,29
05/05/2023,232,96,67,32,0,94,434,956,,38,,29
06/05/2023,251,95,62,32,0,88,390,920,,37,,25
07/05/2023,262,95,62,32,0,87,375,914,,37,,25
08/05/2023,260,95,66,32,0,88,386,928,,37,,29
09/05/2023,264,96,60,32,0,92,364,909,,30,,30
10/05/2023,264,115,67,33,0,85,357,920,,38,,29
11/05/2023,265,116,68,33,0,91,356,928,,38,,30
12/05/2023,264,94,67,33,0,86,398,940,,39,,28
13/05/2023,269,112,63,33,2,82,401,962,,38,,25
14/05/2023,271,113,61,33,1,80,393,951,,38,,23
15/05/2023,255,94,64,33,3,90,404,942,,38,,25
16/05/2023,246,112,64,29,3,95,368,916,,39,,25
17/05/2023,260,115,64,32,11,89,406,976,,39,,25
18/05/2023,258,90,64,32,22,84,406,956,,39,,26
19/05/2023,227,87,64,32,16,90,413,928,,39,,25
20/05/2023,222,86,60,32,17,91,390,897,,39,,21
21/05/2023,221,82,60,32,19,90,395,899,,39,,22
22/05/2023,222,59,58,32,17,93,377,858,,38,,20
23/05/2023,221,57,59,32,17,92,389,866,,38,,20
24/05/2023,219,58,59,32,17,94,399,877,,39,,20
25/05/2023,223,56,58,32,17,89,394,870,,39,,20
26/05/2023,224,57,59,34,17,90,393,874,,39,,20
27/05/2023,222,57,58,34,14,76,408,868,,39,,19
28/05/2023,220,57,57,33,18,70,404,858,,39,,19
29/05/2023,217,56,58,32,13,78,420,874,,39,,19
30/05/2023,218,56,57,32,15,81,397,856,,38,,19
31/05/2023,217,55,58,32,12,83,384,840,,39,,19
01/06/2023,206,98,63,32,14,66,385,864,,38,,25
02/06/2023,218,97,24,32,12,60,373,815,,0,,24
03/06/2023,220,96,61,32,9,56,345,819,,39,,23
04/06/2023,223,96,58,32,9,51,354,823,,38,,20
05/06/2023,227,91,38,32,8,58,386,840,,38,,0
06/06/2023,220,89,39,32,7,44,385,816,,39,,0
07/06/2023,217,89,39,32,7,33,385,802,,39,,0
08/06/2023,218,91,19,32,7,46,384,797,,19,,0
09/06/2023,216,91,35,32,7,52,388,821,,35,,0
10/06/2023,221,91,39,32,7,40,384,814,,39,,0
11/06/2023,227,89,40,32,7,33,390,818,,40,,0
12/06/2023,243,91,64,32,5,32,428,894,,40,,23
13/06/2023,246,90,29,32,5,30,428,860,,0,,29
14/06/2023,249,90,56,30,7,21,427,881,,28,,29
15/06/2023,238,93,34,32,7,25,426,856,,0,,34
16/06/2023,241,71,79,32,6,21,461,911,,39,,40
17/06/2023,206,72,75,32,5,20,420,829,,37,,38
18/06/2023,243,79,73,32,5,16,421,869,,37,,36
19/06/2023,231,76,71,32,6,22,442,880,,35,,36
20/06/2023,230,82,76,32,7,29,404,861,,39,,38
21/06/2023,209,76,77,32,5,28,403,831,,39,,39
22/06/2023,212,86,77,33,6,30,369,811,,39,,38
23/06/2023,219,80,76,33,7,26,387,829,,39,,37
24/06/2023,232,75,73,33,7,28,374,821,,39,,34
25/06/2023,235,75,74,33,7,28,373,825,,39,,35
26/06/2023,226,78,76,33,7,36,380,837,,39,,37
27/06/2023,229,79,76,35,8,31,375,833,,39,,37
28/06/2023,230,90,76,36,7,48,381,868,,39,,37
29/06/2023,223,90,76,36,6,48,367,846,,39,,37
30/06/2023,227,89,78,36,7,50,360,847,,39,,39
01/07/2023,226,99,77,37,7,37,625,"1,108",,38,,39
02/07/2023,227,97,74,37,6,36,624,"1,102",,38,,36
03/07/2023,240,99,80,36,8,40,677,"1,179",,38,,41
04/07/2023,245,99,84,33,5,37,668,"1,170",,40,,45
05/07/2023,251,98,80,33,5,37,772,"1,276",,40,,40
06/07/2023,247,97,82,33,5,36,780,"1,280",,38,,44
07/07/2023,247,95,83,33,6,42,751,"1,257",,38,,45
08/07/2023,255,94,78,33,7,27,716,"1,210",,35,,43
09/07/2023,256,91,75,33,4,31,718,"1,208",,35,,40
10/07/2023,256,93,80,33,9,34,797,"1,301",,35,,45
11/07/2023,258,97,89,32,6,34,764,"1,281",,38,,48
12/07/2023,259,97,92,33,5,30,808,"1,323",,40,,48
13/07/2023,254,97,88,33,5,32,801,"1,311",,36,,48
14/07/2023,249,98,94,33,5,40,728,"1,248",,39,,51
15/07/2023,264,98,85,31,7,44,660,"1,188",,32,,48
16/07/2023,267,96,73,31,3,50,663,"1,183",,32,,36
17/07/2023,267,98,81,33,7,61,774,"1,321",,34,,44
18/07/2023,269,94,80,33,6,70,783,"1,334",,38,,39
19/07/2023,262,94,87,33,6,64,790,"1,336",,37,,47
20/07/2023,267,92,87,32,7,64,750,"1,298",,36,,47
21/07/2023,266,87,88,33,7,49,769,"1,299",,35,,49
22/07/2023,267,86,82,32,3,61,648,"1,179",,30,,48
23/07/2023,267,83,80,32,3,62,617,"1,144",,30,,47
24/07/2023,271,88,80,32,5,58,693,"1,228",,33,,47
25/07/2023,272,87,87,33,5,61,655,"1,201",,38,,49
26/07/2023,271,91,82,33,5,64,673,"1,218",,35,,47
27/07/2023,265,95,82,33,5,67,655,"1,203",,34,,48
28/07/2023,265,92,78,32,5,61,651,"1,185",,30,,48
29/07/2023,266,88,74,32,5,68,635,"1,169",,28,,46
30/07/2023,265,87,74,32,2,56,613,"1,128",,28,,46
31/07/2023,266,92,75,32,5,65,324,859,,28,,46
01/08/2023,264,94,83,32,2,53,316,845,,32,,51
02/08/2023,260,94,84,32,2,61,307,840,,33,,51
03/08/2023,264,92,84,32,2,49,305,828,,33,,51
04/08/2023,266,96,90,32,2,32,305,823,,37,,52
05/08/2023,267,90,85,32,2,37,280,793,,36,,50
06/08/2023,268,90,84,32,2,34,269,778,,36,,48
07/08/2023,269,97,84,32,3,37,313,835,,35,,49
08/08/2023,272,97,83,32,3,57,325,870,,34,,48
09/08/2023,270,97,84,32,3,62,316,864,,35,,49
10/08/2023,271,97,88,32,2,57,300,848,,38,,50
11/08/2023,270,97,87,33,7,62,296,851,,38,,49
12/08/2023,268,88,81,32,5,52,279,807,,36,,45
13/08/2023,269,88,79,32,5,50,284,808,,36,,43
14/08/2023,267,93,81,32,6,46,299,824,,36,,45
15/08/2023,266,89,83,32,4,40,288,803,,35,,48
16/08/2023,271,96,90,32,4,55,309,857,,38,,52
17/08/2023,270,96,87,32,5,58,314,863,,37,,50
18/08/2023,271,96,85,32,5,66,298,853,,36,,49
19/08/2023,271,90,78,32,4,43,272,791,,33,,45
20/08/2023,269,91,79,32,4,52,263,790,,33,,46
21/08/2023,268,95,86,32,5,42,319,847,,35,,50
22/08/2023,270,96,89,32,8,29,324,849,,38,,51
23/08/2023,271,97,93,33,8,27,338,865,,38,,55
24/08/2023,257,96,91,34,9,23,339,848,,38,,53
25/08/2023,231,96,89,32,8,18,375,848,,37,,52
26/08/2023,180,87,87,32,4,16,323,728,,36,,51
27/08/2023,179,86,87,32,4,16,316,720,,36,,51
28/08/2023,173,95,85,34,8,26,341,762,,37,,49
29/08/2023,150,99,86,33,5,31,341,746,,39,,47
30/08/2023,175,100,94,33,5,27,333,767,,40,,54
31/08/2023,175,100,95,33,5,25,349,782,,40,,56
01/09/2023,163,110,83,32,5,22,370,786,,33,,49
02/09/2023,129,105,75,32,4,26,338,708,,33,,43
03/09/2023,121,102,75,32,4,22,334,691,,32,,43
04/09/2023,122,109,78,34,5,21,358,727,,32,,46
05/09/2023,130,100,79,32,8,15,372,736,,32,,47
06/09/2023,130,99,83,33,10,18,345,718,,34,,49
07/09/2023,114,99,82,32,10,18,354,708,,32,,50
08/09/2023,127,99,80,34,10,22,342,714,,32,,48
09/09/2023,122,90,78,32,10,26,278,635,,33,,45
10/09/2023,119,83,78,37,10,27,267,620,,33,,45
11/09/2023,127,85,83,37,9,37,317,694,,34,,49
12/09/2023,132,83,85,37,8,36,322,703,,36,,49
13/09/2023,136,94,86,37,9,31,311,702,,36,,50
14/09/2023,142,94,88,33,6,29,334,726,,35,,53
15/09/2023,146,110,87,34,6,27,308,718,,34,,53
16/09/2023,151,106,81,34,5,24,242,644,,33,,48
17/09/2023,155,106,79,34,5,26,235,640,,33,,46
18/09/2023,171,110,82,33,7,23,285,711,,34,,48
19/09/2023,159,109,76,36,5,26,304,716,,35,,41
20/09/2023,138,110,75,33,5,41,299,701,,34,,41
21/09/2023,195,111,79,33,4,27,289,737,,35,,44
22/09/2023,224,112,90,33,4,18,285,767,,36,,54
23/09/2023,216,108,87,35,3,16,250,714,,36,,51
24/09/2023,209,109,85,35,3,15,267,722,,36,,49
25/09/2023,235,113,88,35,5,25,286,787,,36,,52
26/09/2023,223,113,90,35,5,25,308,799,,38,,52
27/09/2023,192,113,94,35,5,38,311,786,,39,,55
28/09/2023,212,111,92,35,8,40,283,779,,36,,55
29/09/2023,225,111,93,36,8,26,294,791,,39,,54
30/09/2023,235,110,86,34,4,20,282,770,,36,,50
01/10/2023,225,83,71,34,9,14,287,723,,33,,38
02/10/2023,226,92,76,34,5,30,312,775,,37,,39
03/10/2023,228,92,77,34,8,26,297,762,,38,,39
04/10/2023,245,92,69,34,6,24,318,788,,29,,40
05/10/2023,254,92,73,34,5,32,291,782,,31,,42
06/10/2023,252,91,70,34,8,31,330,815,,30,,39
07/10/2023,254,66,62,37,5,35,260,719,,27,,34
08/10/2023,258,64,66,37,5,37,263,731,,27,,39
09/10/2023,261,81,70,38,10,42,351,853,,27,,43
10/10/2023,261,83,84,39,10,42,372,890,,38,,46
11/10/2023,259,88,84,32,5,40,355,862,,38,,46
12/10/2023,267,99,87,32,3,25,337,851,,39,,49
13/10/2023,268,99,85,34,6,30,321,843,,39,,47
14/10/2023,266,87,85,39,6,19,288,790,,39,,46
15/10/2023,264,87,87,39,6,23,295,801,,39,,47
16/10/2023,267,110,92,39,9,22,354,892,,39,,53
17/10/2023,266,112,93,39,9,41,333,891,,40,,53
18/10/2023,263,111,96,39,11,43,325,887,,40,,55
19/10/2023,252,113,94,39,8,44,307,857,,39,,55
20/10/2023,262,103,93,38,6,44,303,848,,39,,54
21/10/2023,252,77,83,38,4,38,306,797,,38,,45
22/10/2023,252,75,84,38,7,33,325,813,,38,,46
23/10/2023,256,96,91,38,7,46,380,914,,39,,51
24/10/2023,253,104,90,38,3,48,370,905,,39,,51
25/10/2023,257,105,95,38,5,46,345,890,,40,,55
26/10/2023,255,109,93,38,5,43,363,906,,40,,53
27/10/2023,257,97,91,38,7,41,354,885,,41,,51
28/10/2023,255,80,84,39,4,35,351,847,,37,,47
29/10/2023,242,79,82,39,7,29,343,821,,37,,44
30/10/2023,248,103,90,39,7,25,364,876,,40,,49
31/10/2023,218,105,88,39,8,20,357,835,,40,,48
01/11/2023,249,81,77,38,5,30,359,839,,38,,38
02/11/2023,258,77,63,37,8,43,339,824,,29,,35
03/11/2023,244,75,73,38,6,46,351,833,,34,,39
04/11/2023,251,79,72,38,6,23,334,803,,36,,36
05/11/2023,266,75,75,38,6,19,330,809,,36,,39
06/11/2023,266,79,79,38,10,30,367,868,,38,,41
07/11/2023,265,79,83,38,11,40,402,917,,41,,41
08/11/2023,267,79,82,37,10,40,404,918,,42,,40
09/11/2023,270,83,84,37,10,43,418,945,,41,,43
10/11/2023,262,85,83,37,9,46,430,952,,41,,43
11/11/2023,246,94,80,37,8,42,422,930,,40,,40
12/11/2023,245,92,80,37,10,42,403,909,,40,,41
13/11/2023,252,89,85,37,12,47,396,916,,38,,46
14/11/2023,253,88,85,37,11,57,376,908,,40,,45
15/11/2023,256,88,86,35,9,60,363,896,,40,,46
16/11/2023,268,88,86,36,11,27,407,923,,41,,46
17/11/2023,266,90,87,35,12,31,427,949,,45,,42
18/11/2023,268,86,80,37,10,15,387,884,,43,,38
19/11/2023,268,85,80,37,8,14,394,886,,42,,38
20/11/2023,268,87,91,37,12,16,421,932,,46,,46
21/11/2023,270,85,96,35,13,21,411,931,,48,,48
22/11/2023,272,86,96,34,12,15,387,901,,50,,45
23/11/2023,273,86,92,36,14,15,371,886,,49,,43
24/11/2023,254,94,93,36,16,22,381,895,,50,,43
25/11/2023,260,87,94,32,11,20,382,886,,47,,47
26/11/2023,269,86,96,37,11,19,412,930,,48,,49
27/11/2023,260,100,97,37,14,22,446,975,,49,,48
28/11/2023,250,102,105,35,6,25,457,981,,57,,49
29/11/2023,252,102,106,32,11,26,404,933,,58,,48
30/11/2023,260,103,110,32,8,27,408,947,,64,,47
01/12/2023,261,97,107,33,6,27,388,918,,65,,42
02/12/2023,259,93,101,35,5,33,355,881,,61,,40
03/12/2023,261,89,100,35,6,32,363,886,,61,,39
04/12/2023,260,93,109,36,11,39,408,956,,62,,47
05/12/2023,251,97,115,36,7,39,436,982,,65,,50
06/12/2023,253,97,115,35,6,32,413,951,,63,,52
07/12/2023,257,98,105,37,6,40,406,949,,60,,45
08/12/2023,255,92,102,36,6,29,385,905,,59,,43
09/12/2023,250,92,107,33,5,14,358,860,,58,,49
10/12/2023,252,89,106,33,5,13,360,859,,58,,49
11/12/2023,257,93,101,34,5,25,379,894,,58,,43
12/12/2023,256,93,106,33,4,28,371,892,,59,,47
13/12/2023,259,92,106,33,0,26,384,901,,59,,47
14/12/2023,262,92,104,33,3,44,386,924,,59,,45
15/12/2023,262,90,104,30,6,39,391,923,,59,,45
16/12/2023,270,91,101,30,6,44,388,929,,57,,44
17/12/2023,272,91,101,30,8,44,388,934,,57,,44
18/12/2023,272,91,102,30,9,54,411,969,,57,,45
19/12/2023,273,87,103,30,7,53,391,945,,59,,45
20/12/2023,272,88,104,30,7,51,370,921,,60,,44
21/12/2023,272,87,108,30,6,58,328,889,,59,,49
22/12/2023,273,85,93,30,7,64,323,875,,58,,35
23/12/2023,274,77,96,30,4,46,312,839,,55,,41
24/12/2023,273,69,96,30,4,43,335,851,,56,,40
25/12/2023,274,79,91,30,4,43,345,866,,56,,36
26/12/2023,273,76,94,30,4,44,349,871,,55,,40
27/12/2023,273,144,96,30,4,46,363,956,,56,,41
28/12/2023,273,90,100,33,4,44,364,909,,58,,42
29/12/2023,272,89,98,33,4,36,354,886,,58,,41
30/12/2023,272,73,92,34,3,19,308,800,,55,,37
31/12/2023,271,70,93,34,3,18,321,809,,55,,38
01/01/2024,273,75,79,34,4,22,304,791,,42,,37
02/01/2024,273,77,82,34,4,26,337,833,,45,,37
03/01/2024,274,79,84,33,4,26,333,832,,45,,39
04/01/2024,273,65,83,36,5,24,328,814,,45,,38
05/01/2024,267,79,83,36,6,22,320,813,,46,,37
06/01/2024,260,82,81,37,4,23,296,783,,44,,37
07/01/2024,263,81,81,37,4,25,311,802,,45,,37
08/01/2024,261,82,86,37,6,24,407,903,,44,,42
09/01/2024,271,81,89,34,7,23,455,959,,49,,40
10/01/2024,260,82,85,35,7,26,452,949,,48,,37
11/01/2024,262,83,88,33,4,27,436,932,,49,,39
12/01/2024,255,83,89,33,4,26,412,902,,48,,41
13/01/2024,261,80,87,33,3,26,338,829,,45,,42
14/01/2024,261,80,81,33,3,28,342,829,,46,,35
15/01/2024,259,79,84,33,4,28,388,876,,46,,37
16/01/2024,267,83,87,33,6,24,371,872,,47,,39
17/01/2024,263,83,87,33,5,26,344,843,,47,,40
18/01/2024,264,68,86,33,5,27,347,830,,47,,39
19/01/2024,278,57,88,36,6,23,331,818,,48,,41
20/01/2024,276,66,89,38,6,21,324,820,,47,,42
21/01/2024,277,61,85,39,6,28,321,815,,45,,40
22/01/2024,277,74,89,39,11,23,334,846,,46,,43
23/01/2024,268,68,87,35,7,21,345,832,,46,,42
24/01/2024,274,67,88,38,6,23,321,817,,47,,42
25/01/2024,275,68,87,38,3,18,346,835,,45,,42
26/01/2024,278,70,87,34,5,17,346,836,,45,,42
27/01/2024,273,68,87,35,4,12,332,810,,46,,41
28/01/2024,274,68,85,35,4,15,304,784,,46,,39
29/01/2024,275,70,87,35,7,24,342,840,,45,,42
30/01/2024,275,88,88,32,6,21,341,851,,46,,43
31/01/2024,269,96,89,34,6,20,348,861,,46,,43
01/02/2024,271,98,87,34,4,20,341,854,,44,,43
02/02/2024,277,88,86,33,4,21,328,837,,45,,41
03/02/2024,265,69,89,33,3,16,293,768,,45,,44
04/02/2024,236,70,85,34,3,13,291,732,,43,,42
05/02/2024,240,86,87,33,6,13,323,788,,45,,42
06/02/2024,242,86,85,34,4,20,327,798,,44,,42
07/02/2024,249,71,86,34,4,21,331,797,,44,,42
08/02/2024,254,70,85,38,4,20,347,819,,43,,42
09/02/2024,273,73,91,38,5,20,313,814,,44,,46
10/02/2024,274,63,87,38,4,19,284,770,,44,,43
11/02/2024,278,62,84,38,4,16,285,767,,42,,42
12/02/2024,276,68,88,38,5,19,331,826,,43,,45
13/02/2024,276,73,90,38,8,24,326,834,,45,,45
14/02/2024,277,76,85,38,6,19,316,817,,45,,41
15/02/2024,267,81,85,38,6,22,310,809,,45,,41
16/02/2024,271,81,85,38,8,22,314,819,,43,,42
17/02/2024,277,77,88,35,4,27,305,812,,46,,42
18/02/2024,274,76,87,35,4,32,303,810,,45,,42
19/02/2024,271,79,84,35,3,26,381,879,,42,,42
20/02/2024,270,70,89,35,3,28,396,891,,44,,45
21/02/2024,257,73,89,35,5,15,391,866,,45,,45
22/02/2024,262,75,87,35,6,16,367,848,,44,,43
23/02/2024,272,77,46,35,6,20,341,795,,3,,43
24/02/2024,175,77,86,35,5,22,348,748,,44,,42
25/02/2024,274,73,86,35,2,17,356,843,,45,,42
26/02/2024,273,73,87,35,5,20,378,871,,45,,42
27/02/2024,271,80,88,34,5,20,393,890,,45,,42
28/02/2024,263,74,88,32,5,17,398,877,,45,,43
29/02/2024,261,76,90,34,5,18,388,871,,49,,41
01/03/2024,266,87,85,35,5,15,383,876,,41,,43
02/03/2024,260,86,84,35,4,11,379,858,,42,,42
03/03/2024,267,87,83,35,4,13,373,860,,41,,42
04/03/2024,273,92,84,35,5,15,384,888,,40,,43
05/03/2024,265,92,87,35,7,17,404,907,,42,,45
06/03/2024,267,92,90,35,6,9,377,877,,43,,47
07/03/2024,270,92,90,35,5,12,370,873,,42,,48
08/03/2024,274,93,89,35,4,13,367,874,,43,,47
09/03/2024,274,93,88,36,3,14,344,851,,42,,46
10/03/2024,261,92,87,36,3,18,345,842,,42,,45
11/03/2024,256,93,87,36,5,14,374,865,,42,,46
12/03/2024,266,93,89,35,7,17,383,891,,42,,47
13/03/2024,260,93,91,36,7,19,363,868,,42,,49
14/03/2024,270,94,89,36,7,16,357,868,,42,,47
15/03/2024,262,94,87,36,5,20,349,853,,42,,45
16/03/2024,251,93,87,36,4,16,325,812,,42,,45
17/03/2024,258,93,87,36,4,12,327,817,,42,,45
18/03/2024,265,93,90,36,7,12,338,841,,42,,48
19/03/2024,259,98,94,36,8,17,359,871,,43,,50
20/03/2024,258,102,95,36,6,18,349,864,,43,,52
21/03/2024,248,102,96,35,5,15,350,851,,43,,53
22/03/2024,253,102,93,36,5,13,344,846,,42,,51
23/03/2024,267,102,90,34,4,13,316,826,,42,,47
24/03/2024,268,102,87,34,4,18,309,823,,42,,45
25/03/2024,266,94,92,34,6,18,336,847,,42,,50
26/03/2024,272,95,92,36,6,20,339,861,,43,,49
27/03/2024,272,95,94,36,6,19,336,857,,43,,51
28/03/2024,268,99,91,35,7,23,303,826,,43,,48
29/03/2024,271,99,87,36,9,19,297,817,,42,,45
30/03/2024,259,86,81,36,5,20,286,773,,41,,40
31/03/2024,270,84,79,36,5,24,272,770,,42,,36
01/04/2024,264,82,75,36,5,35,286,783,,41,,34
02/04/2024,262,101,78,36,5,31,344,857,,41,,37
03/04/2024,264,109,84,36,9,34,368,902,,42,,42
04/04/2024,265,109,85,32,8,34,374,907,,43,,41
05/04/2024,265,109,83,34,8,45,364,907,,44,,39
06/04/2024,272,88,79,32,5,39,350,867,,44,,35
07/04/2024,262,90,77,32,5,34,357,858,,42,,35
08/04/2024,261,110,77,32,6,40,341,867,,40,,37
09/04/2024,263,103,79,32,8,36,345,867,,44,,35
10/04/2024,264,103,79,32,8,44,352,882,,42,,36
11/04/2024,273,103,80,30,9,41,348,883,,41,,39
12/04/2024,271,104,81,30,9,37,349,880,,44,,37
13/04/2024,269,101,79,30,7,30,365,882,,42,,37
14/04/2024,260,101,80,30,7,30,365,873,,43,,37
15/04/2024,255,99,83,32,9,26,368,871,,43,,40
16/04/2024,257,101,88,36,8,29,362,882,,43,,46
17/04/2024,266,102,94,35,9,27,371,903,,41,,53
18/04/2024,275,102,96,36,7,25,341,882,,41,,55
19/04/2024,273,103,93,33,5,29,325,861,,42,,51
20/04/2024,264,102,86,34,5,29,344,863,,42,,44
21/04/2024,259,103,85,34,5,29,355,871,,42,,43
22/04/2024,260,103,92,34,10,27,393,918,,42,,50
23/04/2024,254,104,89,35,5,29,401,916,,46,,42
24/04/2024,252,98,86,33,7,28,400,904,,47,,40
25/04/2024,249,97,90,33,8,22,390,888,,46,,43
26/04/2024,267,96,90,36,8,18,364,879,,42,,47
27/04/2024,255,102,84,36,5,17,352,849,,42,,42
28/04/2024,253,101,78,36,5,10,357,839,,42,,36
29/04/2024,264,102,86,36,9,17,370,884,,47,,39
30/04/2024,263,94,81,36,10,17,359,860,,42,,39
01/05/2024,271,94,80,36,11,21,308,820,,44,,36
02/05/2024,267,99,82,36,11,29,330,855,,45,,38
03/05/2024,268,97,83,36,10,27,335,854,,44,,38
04/05/2024,270,96,82,36,6,27,310,827,,44,,38
05/05/2024,268,93,82,35,6,24,307,815,,44,,37
06/05/2024,268,95,84,34,9,29,288,806,,44,,40
07/05/2024,269,97,86,36,6,34,296,823,,44,,42
08/05/2024,268,98,87,36,6,34,290,820,,44,,43
09/05/2024,263,98,89,36,6,33,330,856,,45,,44
10/05/2024,264,98,87,36,6,47,319,857,,44,,43
11/05/2024,262,92,86,34,4,53,323,854,,45,,41
12/05/2024,265,80,86,35,4,59,322,851,,45,,41
13/05/2024,261,98,90,37,6,60,333,884,,44,,46
14/05/2024,262,97,94,37,6,62,328,886,,44,,50
15/05/2024,262,97,92,32,6,49,324,863,,43,,49
16/05/2024,262,98,94,35,5,44,297,835,,44,,50
17/05/2024,262,99,94,35,4,44,288,827,,44,,50
18/05/2024,262,89,90,35,3,59,278,816,,44,,46
19/05/2024,265,88,89,35,3,58,278,816,,44,,45
20/05/2024,262,88,92,35,4,52,270,804,,43,,49
21/05/2024,148,88,95,36,3,38,311,719,,43,,52
22/05/2024,215,92,95,36,3,57,283,779,,43,,52
23/05/2024,256,98,100,36,3,43,319,855,,45,,55
24/05/2024,260,97,103,36,2,36,325,857,,47,,56
25/05/2024,261,94,99,36,0,39,288,816,,44,,55
26/05/2024,259,95,96,36,0,40,287,814,,43,,53
27/05/2024,261,96,102,36,1,47,286,827,,46,,55
28/05/2024,255,96,103,36,1,48,294,832,,47,,56
29/05/2024,259,96,102,35,1,43,282,817,,48,,54
30/05/2024,243,95,104,36,1,55,283,816,,50,,54
31/05/2024,259,94,105,36,1,55,304,854,,52,,54
01/06/2024,263,91,93,36,0,42,248,773,,49,,44
02/06/2024,255,92,94,36,0,40,250,766,,49,,45
03/06/2024,248,93,99,36,3,41,266,786,,50,,49
04/06/2024,260,91,51,36,5,28,292,762,,49,,2
05/06/2024,266,92,45,36,5,38,281,763,,45,,0
06/06/2024,272,90,46,36,5,38,304,792,,46,,0
07/06/2024,271,91,47,36,5,40,290,781,,47,,0
08/06/2024,271,91,47,36,1,36,247,728,,47,,0
09/06/2024,265,92,61,36,1,42,256,752,,47,,14
10/06/2024,268,91,67,36,2,52,264,780,,48,,18
11/06/2024,268,91,97,36,4,49,246,790,,50,,46
12/06/2024,272,91,98,36,3,44,286,829,,46,,51
13/06/2024,270,92,99,36,0,38,281,815,,47,,52
14/06/2024,268,92,99,36,0,51,302,848,,47,,53
15/06/2024,272,92,95,36,0,47,273,815,,47,,49
16/06/2024,276,93,95,36,0,42,264,805,,46,,49
17/06/2024,274,94,97,36,0,48,270,818,,45,,52
18/06/2024,270,93,96,36,0,42,296,832,,46,,50
19/06/2024,270,89,100,36,2,53,291,840,,51,,49
20/06/2024,271,87,103,36,2,55,282,836,,51,,52
21/06/2024,269,88,99,36,2,55,282,831,,48,,51
22/06/2024,271,88,100,36,1,49,261,806,,47,,53
23/06/2024,272,90,98,36,1,46,250,793,,47,,51
24/06/2024,276,29,101,36,0,55,262,758,,47,,54
25/06/2024,276,89,104,35,4,55,256,819,,50,,54
26/06/2024,272,90,104,35,3,58,273,835,,52,,52
27/06/2024,269,89,98,36,3,61,294,850,,48,,50
28/06/2024,264,87,100,36,3,67,291,848,,50,,50
29/06/2024,268,92,96,36,1,63,257,814,,49,,47
30/06/2024,265,89,94,36,1,62,252,798,,49,,46
01/07/2024,264,83,93,36,2,63,278,819,,44,,49
02/07/2024,226,81,92,16,2,64,274,756,,43,,50
03/07/2024,264,77,93,36,4,61,295,829,,44,,50
04/07/2024,265,76,95,36,4,64,279,819,,44,,51
05/07/2024,264,77,94,36,3,65,281,820,,43,,51
06/07/2024,262,73,90,36,1,61,244,766,,43,,47
07/07/2024,264,73,90,36,1,64,247,776,,44,,46
08/07/2024,267,90,92,36,2,63,295,844,,43,,49
09/07/2024,266,91,93,36,2,64,297,849,,43,,50
10/07/2024,268,92,94,36,2,64,280,834,,44,,49
11/07/2024,266,91,93,36,4,64,288,841,,44,,48
12/07/2024,264,91,93,36,2,65,286,838,,45,,49
13/07/2024,265,72,93,36,1,65,240,771,,45,,48
14/07/2024,264,71,92,36,1,65,248,778,,45,,47
15/07/2024,269,89,94,36,2,66,277,832,,44,,50
16/07/2024,270,90,94,36,6,67,274,837,,44,,50
17/07/2024,269,91,95,36,2,63,289,844,,46,,49
18/07/2024,259,90,93,36,2,67,300,846,,44,,50
19/07/2024,268,90,96,36,2,63,310,864,,46,,50
20/07/2024,267,71,96,36,1,62,269,801,,46,,50
21/07/2024,265,70,95,36,2,64,276,807,,45,,49
22/07/2024,248,92,94,37,2,66,283,821,,44,,51
23/07/2024,245,94,97,37,2,67,269,809,,45,,51
24/07/2024,244,99,98,37,2,65,287,831,,47,,51
25/07/2024,241,95,98,37,2,64,274,811,,47,,51
26/07/2024,256,94,98,37,2,66,259,810,,47,,51
27/07/2024,264,74,90,37,1,64,234,764,,45,,45
28/07/2024,262,73,90,37,1,64,230,757,,45,,45
29/07/2024,262,91,96,37,2,65,239,792,,47,,49
30/07/2024,257,92,93,37,2,68,253,801,,44,,49
31/07/2024,250,99,95,37,2,67,254,805,,44,,51
01/08/2024,260,93,93,36,4,66,248,800,,43,,50
02/08/2024,263,88,93,36,2,65,236,782,,42,,51
03/08/2024,259,62,89,36,2,67,223,739,,43,,46
04/08/2024,262,65,89,36,2,68,228,749,,43,,46
05/08/2024,257,91,88,12,4,73,218,745,,42,,46
06/08/2024,262,75,90,0,4,78,236,745,,44,,46
07/08/2024,263,90,89,0,3,72,233,749,,43,,46
08/08/2024,264,89,86,0,3,71,221,734,,40,,46
09/08/2024,267,90,87,0,2,72,225,742,,41,,46
10/08/2024,268,90,87,0,1,73,203,722,,40,,46
11/08/2024,265,85,85,0,1,71,203,711,,40,,45
12/08/2024,266,89,87,28,2,73,240,785,,41,,46
13/08/2024,267,88,89,31,2,75,246,799,,43,,46
14/08/2024,272,86,90,32,2,77,246,805,,44,,47
15/08/2024,267,74,91,32,3,77,248,792,,43,,47
16/08/2024,272,73,89,35,5,79,250,801,,42,,47
17/08/2024,277,71,90,34,1,77,243,792,,41,,48
18/08/2024,277,63,89,34,1,76,251,790,,41,,48
19/08/2024,279,92,88,34,2,78,225,798,,40,,48
20/08/2024,278,94,90,32,1,67,215,778,,41,,49
21/08/2024,279,94,92,31,3,67,213,778,,42,,49
22/08/2024,279,79,91,33,3,67,231,782,,44,,48
23/08/2024,270,74,92,34,3,64,239,776,,43,,49
24/08/2024,263,73,90,36,3,71,212,747,,42,,49
25/08/2024,265,68,89,34,3,72,207,737,,41,,48
26/08/2024,261,87,93,30,3,72,234,780,,42,,51
27/08/2024,260,94,93,36,3,66,277,829,,43,,49
28/08/2024,256,98,92,31,3,61,272,812,,43,,49
29/08/2024,233,93,90,30,3,53,280,783,,41,,49
30/08/2024,187,92,98,30,3,68,273,751,,47,,51
31/08/2024,175,93,97,31,3,62,251,711,,49,,48
01/09/2024,170,85,93,31,4,60,243,685,,49,,44
02/09/2024,186,89,96,30,3,35,305,744,,47,,48
03/09/2024,189,55,99,31,3,25,319,720,,49,,50
04/09/2024,189,55,100,31,3,24,320,720,,50,,50
05/09/2024,187,54,101,31,3,22,301,697,,52,,49
06/09/2024,187,54,98,31,3,23,290,686,,50,,48
07/09/2024,165,53,92,36,3,24,232,604,,47,,46
08/09/2024,186,53,90,36,3,21,230,618,,46,,44
09/09/2024,188,57,98,36,3,21,274,675,,49,,49
10/09/2024,189,56,101,35,2,19,285,687,,52,,49
11/09/2024,190,57,103,36,2,20,274,682,,52,,51
12/09/2024,188,57,103,36,2,22,286,693,,52,,50
13/09/2024,186,62,100,35,2,22,266,673,,52,,48
14/09/2024,154,69,94,35,1,23,250,625,,50,,44
15/09/2024,161,53,93,34,1,25,249,617,,48,,44
16/09/2024,156,51,102,34,3,24,280,649,,51,,52
17/09/2024,161,52,102,33,3,29,282,663,,50,,52
18/09/2024,160,62,101,34,3,61,281,702,,50,,51
19/09/2024,160,63,101,33,2,62,301,722,,51,,51
20/09/2024,186,65,101,34,3,55,272,715,,51,,50
21/09/2024,189,58,95,34,3,45,237,661,,51,,45
22/09/2024,188,58,87,34,3,45,240,654,,42,,45
23/09/2024,188,71,89,34,3,37,276,698,,40,,49
24/09/2024,179,65,92,34,2,45,271,687,,43,,49
25/09/2024,212,65,101,30,2,25,272,708,,51,,50
26/09/2024,220,67,100,30,2,22,250,691,,51,,49
27/09/2024,213,68,100,34,2,33,250,700,,51,,49
28/09/2024,225,68,95,34,2,38,230,692,,52,,44
29/09/2024,234,70,94,34,2,37,234,704,,52,,42
30/09/2024,239,71,97,35,2,36,259,739,,51,,46
01/10/2024,240,86,90,36,2,39,236,728,,45,,44
02/10/2024,238,88,98,35,2,34,285,779,,48,,50
03/10/2024,241,88,89,36,2,27,309,793,,42,,48
04/10/2024,257,94,96,37,2,30,314,830,,42,,50
05/10/2024,255,94,94,37,3,28,255,766,,41,,48
06/10/2024,255,93,91,37,3,25,257,762,,40,,46
07/10/2024,253,83,93,37,6,29,277,777,,40,,48
08/10/2024,252,102,92,37,6,23,261,773,,40,,47
09/10/2024,252,104,93,38,6,25,294,811,,42,,47
10/10/2024,253,103,89,38,6,28,308,824,,40,,45
11/10/2024,259,107,88,38,8,29,299,827,,40,,48
12/10/2024,257,100,84,38,7,25,285,796,,40,,44
13/10/2024,240,100,86,38,6,25,271,766,,42,,44
14/10/2024,251,103,89,38,4,31,320,835,,41,,48
15/10/2024,255,96,82,37,3,26,335,833,,41,,41
16/10/2024,259,93,83,35,5,27,316,819,,41,,43
17/10/2024,243,92,83,35,2,23,324,803,,39,,44
18/10/2024,235,92,84,37,2,22,322,794,,39,,45
19/10/2024,257,83,89,37,2,20,265,753,,39,,50
20/10/2024,255,83,88,37,2,20,263,748,,40,,48
21/10/2024,256,93,90,37,2,21,304,804,,40,,50
22/10/2024,258,104,97,37,2,23,283,804,,42,,55
23/10/2024,249,106,98,37,1,18,302,811,,41,,57
24/10/2024,247,110,98,36,2,20,295,807,,42,,55
25/10/2024,245,110,96,37,2,16,284,790,,42,,55
26/10/2024,266,102,94,38,2,12,242,757,,42,,52
27/10/2024,246,96,93,36,2,13,248,735,,42,,51
28/10/2024,264,105,95,37,2,17,277,796,,43,,52
29/10/2024,265,95,93,37,2,22,290,803,,42,,51
30/10/2024,262,120,88,35,2,24,303,833,,44,,44
31/10/2024,272,105,89,37,2,21,302,827,,43,,46
01/11/2024,267,87,88,37,2,23,316,820,,46,,42
02/11/2024,256,83,86,38,2,20,315,798,,45,,41
03/11/2024,258,83,88,38,2,20,318,806,,46,,42
04/11/2024,255,100,90,37,4,22,347,856,,45,,45
05/11/2024,256,98,95,37,8,21,354,869,,48,,47
06/11/2024,253,93,100,31,8,18,345,847,,52,,49
07/11/2024,247,101,101,37,10,13,339,847,,49,,47
08/11/2024,246,110,105,37,7,18,365,890,,51,,49
09/11/2024,240,96,113,37,5,14,304,809,,54,,55
10/11/2024,244,95,108,37,5,18,308,814,,53,,55
11/11/2024,244,107,102,37,7,23,337,857,,51,,51
12/11/2024,244,100,103,37,2,19,338,844,,53,,51
13/11/2024,246,104,104,37,3,19,332,843,,54,,50
14/11/2024,241,110,106,37,5,20,327,845,,54,,52
15/11/2024,243,111,103,37,4,16,318,833,,53,,51
16/11/2024,249,110,98,37,4,17,268,784,,47,,51
17/11/2024,244,111,103,37,4,18,260,777,,52,,51
18/11/2024,236,108,105,37,6,24,338,855,,53,,52
19/11/2024,240,107,104,37,5,26,303,823,,52,,52
20/11/2024,245,101,106,37,6,25,298,818,,54,,52
21/11/2024,251,107,103,37,6,26,303,833,,50,,52
22/11/2024,246,111,105,37,4,25,315,842,,53,,52
23/11/2024,257,111,102,37,4,13,275,799,,51,,50
24/11/2024,267,111,101,37,4,13,267,799,,51,,50
25/11/2024,268,110,101,37,4,24,313,857,,51,,50
26/11/2024,257,99,101,37,4,29,337,865,,51,,50
27/11/2024,249,100,101,37,4,28,347,865,,51,,50
28/11/2024,252,101,98,37,3,19,335,845,,48,,50
29/11/2024,260,100,99,35,3,16,330,842,,49,,50
30/11/2024,260,100,97,36,3,17,289,800,,47,,50
01/12/2024,260,94,91,37,5,18,302,807,,42,,49
02/12/2024,258,94,93,37,4,25,355,866,,43,,50
03/12/2024,242,95,96,37,3,27,363,861,,46,,50
04/12/2024,249,94,99,37,3,17,356,854,,47,,52
05/12/2024,264,94,94,37,3,17,382,890,,44,,51
06/12/2024,264,92,96,37,3,19,347,858,,45,,51
07/12/2024,261,92,95,37,3,12,303,802,,44,,52
08/12/2024,259,92,93,37,3,18,298,799,,44,,49
09/12/2024,251,91,93,37,4,27,329,832,,44,,50
10/12/2024,255,87,95,37,4,30,368,875,,46,,49
11/12/2024,248,87,98,37,4,32,410,915,,47,,51
12/12/2024,258,86,101,37,3,29,433,947,,48,,53
13/12/2024,264,88,98,37,3,28,412,930,,46,,52
14/12/2024,265,90,95,37,3,21,351,862,,46,,49
15/12/2024,262,91,92,37,3,17,329,831,,46,,47
16/12/2024,257,89,94,37,2,24,343,846,,45,,49
17/12/2024,273,89,93,37,2,19,369,882,,43,,50
18/12/2024,269,89,94,37,3,29,347,868,,44,,50
19/12/2024,270,88,88,38,4,26,342,856,,42,,46
20/12/2024,266,88,85,36,4,23,355,858,,42,,44
21/12/2024,266,87,92,38,4,14,330,832,,46,,46
22/12/2024,266,89,92,38,4,16,339,843,,45,,47
23/12/2024,266,88,93,38,3,20,343,850,,45,,47
24/12/2024,270,87,97,37,3,15,303,811,,47,,50
25/12/2024,267,86,92,37,3,14,295,793,,45,,47
26/12/2024,261,86,94,37,2,16,317,812,,45,,49
27/12/2024,264,86,96,37,2,22,325,832,,47,,49
28/12/2024,265,87,94,37,2,18,299,803,,45,,49
29/12/2024,270,88,96,37,2,15,289,796,,45,,51
30/12/2024,265,88,97,37,2,15,330,834,,45,,52
31/12/2024,271,87,96,37,2,15,321,829,,44,,52
01/01/2025,268,92,50,34,2,10,298,753,,0,,50
02/01/2025,266,95,51,36,1,17,336,801,,0,,51
03/01/2025,250,95,51,35,1,19,327,777,,0,,51
04/01/2025,248,96,50,35,1,14,322,766,,0,,50
05/01/2025,247,97,49,35,1,11,305,745,,0,,49
06/01/2025,250,96,49,30,1,13,324,761,,0,,49
07/01/2025,239,95,45,25,1,17,358,781,,0,,45
08/01/2025,227,95,47,25,2,12,339,747,,0,,47
09/01/2025,223,96,49,25,2,5,359,757,,0,,49
10/01/2025,216,96,49,25,2,6,365,757,,0,,49
11/01/2025,235,83,48,26,2,14,319,727,,0,,48
12/01/2025,243,83,49,25,2,5,312,718,,0,,49
13/01/2025,245,94,51,25,2,12,372,800,,0,,51
14/01/2025,240,94,54,26,2,18,404,836,,0,,54
15/01/2025,244,94,56,21,2,12,392,822,,0,,56
16/01/2025,240,93,55,6,2,9,393,798,,0,,55
17/01/2025,242,92,55,22,2,11,347,770,,0,,55
18/01/2025,231,92,54,22,2,6,313,720,,0,,54
19/01/2025,232,95,52,28,2,8,294,711,,0,,52
20/01/2025,241,96,48,30,2,5,392,814,,0,,48
21/01/2025,239,94,51,30,1,-8,378,784,,0,,51
22/01/2025,239,95,54,33,1,3,378,803,,0,,54
23/01/2025,245,95,52,33,1,5,349,781,,0,,52
24/01/2025,242,95,51,33,1,16,334,773,,0,,51
25/01/2025,228,96,50,33,1,15,307,731,,0,,50
26/01/2025,227,97,50,33,1,12,299,720,,0,,50
27/01/2025,228,96,50,31,2,19,330,755,,0,,50
28/01/2025,226,96,47,30,2,19,325,745,,0,,47
29/01/2025,219,96,47,33,2,18,339,753,,0,,47
30/01/2025,224,96,50,31,2,1,360,764,,0,,50
31/01/2025,225,96,50,33,2,4,375,784,,0,,50
01/02/2025,227,97,49,32,2,8,367,782,,0,,49
02/02/2025,228,98,49,32,2,12,380,801,,0,,49
03/02/2025,228,97,53,34,2,8,421,843,,0,,53
04/02/2025,221,96,57,34,2,5,425,840,,0,,57
05/02/2025,216,96,57,33,1,4,419,826,,0,,57
06/02/2025,230,96,57,31,1,9,404,827,,0,,57
07/02/2025,244,96,57,33,1,11,412,854,,0,,57
08/02/2025,250,96,57,30,1,13,362,810,,0,,57
09/02/2025,255,98,57,30,1,10,377,829,,0,,57
10/02/2025,229,96,57,31,1,15,407,835,,0,,57
11/02/2025,236,96,57,31,1,8,408,836,,0,,57
12/02/2025,240,97,57,31,1,8,411,845,,0,,57
13/02/2025,241,97,57,31,1,14,429,869,,0,,57
14/02/2025,248,97,57,31,1,15,400,849,,0,,57
15/02/2025,256,97,57,34,1,18,347,810,,0,,57
16/02/2025,260,98,57,33,1,15,359,823,,0,,57
17/02/2025,262,97,57,33,1,18,380,848,,0,,57
18/02/2025,262,97,57,33,2,19,392,862,,0,,57
19/02/2025,273,96,57,33,2,17,389,866,,0,,57
20/02/2025,272,96,57,31,2,18,384,860,,0,,57
21/02/2025,261,95,56,31,2,17,358,820,,0,,56
22/02/2025,266,97,56,31,2,13,361,825,,0,,56
23/02/2025,269,97,56,31,2,13,368,835,,0,,56
24/02/2025,269,97,56,30,2,16,403,872,,0,,56
25/02/2025,270,96,56,28,2,21,412,884,,0,,56
26/02/2025,266,96,55,29,2,21,421,888,,0,,55
27/02/2025,266,95,53,28,2,26,409,878,,0,,53
28/02/2025,266,95,54,30,2,22,384,851,,0,,54
01/03/2025,267,95,55,30,2,24,371,843,,0,,55
02/03/2025,269,95,54,30,2,20,378,847,,0,,54
03/03/2025,270,94,54,32,1,25,420,895,,0,,54
04/03/2025,272,94,54,35,2,21,410,888,,0,,54
05/03/2025,273,94,46,34,2,19,413,882,,0,,46
06/03/2025,273,94,47,33,3,20,404,873,,0,,47
07/03/2025,264,93,47,34,3,22,396,858,,0,,47
08/03/2025,271,84,46,35,4,18,373,829,,0,,46
09/03/2025,268,83,43,35,5,17,377,828,,0,,43
10/03/2025,268,84,43,35,7,20,412,869,,0,,43
11/03/2025,257,92,46,36,7,24,425,887,,0,,46
12/03/2025,246,92,43,36,7,23,426,873,,0,,43
13/03/2025,253,92,42,37,8,28,421,880,,0,,42
14/03/2025,258,93,41,36,8,25,411,872,,0,,41
15/03/2025,252,84,40,37,7,22,383,824,,0,,40
16/03/2025,258,83,40,37,7,17,393,833,,0,,40
17/03/2025,263,91,43,38,7,15,453,909,,0,,43
18/03/2025,250,93,45,37,7,19,461,911,,0,,45
19/03/2025,251,90,44,36,6,21,442,890,,0,,44
20/03/2025,263,89,45,31,6,21,440,895,,0,,45
21/03/2025,260,89,45,35,4,19,434,886,,0,,45
22/03/2025,261,85,43,35,3,15,401,844,,0,,43
23/03/2025,260,85,44,35,3,14,397,838,,0,,44
24/03/2025,260,88,45,35,3,21,426,877,,0,,45
25/03/2025,262,89,45,35,4,22,441,899,,0,,45
26/03/2025,270,89,46,34,5,22,443,909,,0,,46
27/03/2025,268,88,45,35,5,30,438,910,,0,,45
28/03/2025,265,86,45,33,7,27,433,896,,0,,45
29/03/2025,256,87,44,34,8,19,391,839,,0,,44
30/03/2025,268,88,45,36,6,21,402,865,,0,,45
31/03/2025,274,89,45,34,6,21,438,906,,0,,45
01/04/2025,275,93,40,37,5,41,449,940,,0,,40
02/04/2025,271,93,41,35,5,30,462,936,,0,,41
03/04/2025,244,93,40,35,6,34,424,875,,0,,40
04/04/2025,258,92,40,36,6,31,424,887,,0,,40
05/04/2025,267,90,42,36,5,32,414,885,,0,,42
06/04/2025,276,90,42,36,5,31,409,890,,0,,42
07/04/2025,273,90,47,36,4,38,441,929,,0,,47
08/04/2025,264,89,47,33,6,54,413,906,,0,,47
09/04/2025,273,91,49,33,5,64,405,918,,0,,49
10/04/2025,276,89,45,33,4,54,435,935,,0,,45
11/04/2025,277,89,46,32,4,55,434,937,,0,,46
12/04/2025,279,90,45,32,4,43,418,911,,0,,45
13/04/2025,280,90,43,33,4,41,405,896,,0,,43
14/04/2025,273,89,46,33,2,45,425,913,,0,,46
15/04/2025,282,90,45,33,2,44,391,887,,0,,45
16/04/2025,282,88,42,31,5,49,396,893,,0,,42
17/04/2025,282,89,41,31,4,52,420,919,,0,,41
18/04/2025,274,88,38,29,1,46,411,886,,0,,38
19/04/2025,280,87,37,31,1,43,418,898,,0,,37
20/04/2025,280,87,37,32,1,45,440,921,,0,,37
21/04/2025,277,87,38,31,1,41,450,926,,0,,38
22/04/2025,282,88,42,31,1,41,449,934,,0,,42
23/04/2025,276,88,41,30,3,39,451,928,,0,,41
24/04/2025,279,88,41,32,3,45,434,922,,0,,41
25/04/2025,277,89,41,32,4,43,436,920,,0,,41
26/04/2025,273,85,40,32,10,38,419,896,,0,,40
27/04/2025,273,86,39,31,11,32,414,885,,0,,39
28/04/2025,279,89,41,32,11,36,415,901,,0,,41
29/04/2025,270,86,40,32,9,34,434,905,,0,,40
30/04/2025,268,81,41,31,9,39,428,897,,0,,41
01/05/2025,260,85,44,32,8,33,428,890,,0,,44
02/05/2025,263,86,44,32,8,33,432,897,,0,,44
03/05/2025,273,84,43,32,6,27,446,913,,0,,43
04/05/2025,269,85,43,32,4,28,448,909,,0,,43
05/05/2025,261,87,46,32,4,34,450,914,,0,,46
06/05/2025,264,88,48,32,2,37,462,933,,0,,48
07/05/2025,266,88,49,30,2,40,455,929,,0,,49
08/05/2025,262,90,49,32,1,41,451,926,,0,,49
09/05/2025,270,90,48,33,3,52,435,931,,0,,48
10/05/2025,270,87,48,33,3,69,402,912,,0,,48
11/05/2025,270,88,46,33,2,66,399,903,,0,,46
12/05/2025,269,90,44,33,2,67,403,907,,0,,44
13/05/2025,269,90,44,32,2,66,415,919,,0,,44
14/05/2025,270,90,46,33,3,71,409,921,,0,,46
15/05/2025,264,90,44,30,3,66,374,871,,0,,44
16/05/2025,269,91,46,33,4,68,393,902,,0,,46
17/05/2025,271,86,43,33,4,67,369,873,,0,,43
18/05/2025,265,86,45,33,5,62,367,863,,0,,45
19/05/2025,253,90,47,33,2,67,380,871,,0,,47
20/05/2025,267,90,47,33,5,63,396,901,,0,,47
21/05/2025,143,87,47,34,5,55,403,774,,0,,47
22/05/2025,213,88,47,33,3,52,415,850,,0,,47
23/05/2025,255,89,47,33,3,56,415,898,,0,,47
24/05/2025,229,82,48,32,3,45,400,838,,0,,48
25/05/2025,268,82,47,32,2,44,407,881,,0,,47
26/05/2025,253,86,47,32,4,43,440,904,,0,,47
27/05/2025,259,85,47,32,4,45,441,913,,0,,47
28/05/2025,262,88,47,33,4,43,444,920,,0,,47
29/05/2025,267,88,48,33,3,43,428,910,,0,,48
30/05/2025,263,88,48,34,3,48,425,908,,0,,48
31/05/2025,265,82,45,34,3,48,440,917,,0,,45
01/06/2025,266,89,43,34,3,48,409,891,,0,,43
02/06/2025,261,89,45,34,3,56,399,888,,0,,45
03/06/2025,264,93,45,33,3,54,416,909,,0,,45
04/06/2025,263,93,48,33,3,52,411,903,,0,,48
05/06/2025,235,93,49,34,3,51,426,891,,0,,49
06/06/2025,258,95,50,37,3,48,454,944,,0,,50
07/06/2025,264,94,47,37,2,41,446,930,,0,,47
08/06/2025,258,88,46,37,2,46,440,916,,0,,46
09/06/2025,258,89,46,37,2,44,468,943,,0,,46
10/06/2025,254,89,0,37,2,58,466,905,,0,,0
11/06/2025,255,89,0,36,1,58,485,924,,0,,0
12/06/2025,258,90,0,36,1,67,456,907,,0,,0
13/06/2025,190,89,0,34,2,60,442,816,,0,,0
14/06/2025,252,85,0,36,2,57,414,846,,0,,0
15/06/2025,248,87,0,35,2,53,409,834,,0,,0
16/06/2025,251,94,23,36,2,46,429,880,,0,,23
17/06/2025,218,88,47,35,2,26,420,836,,0,,47
18/06/2025,267,88,48,34,2,57,433,929,,0,,48
19/06/2025,268,88,47,36,2,60,416,916,,0,,47
20/06/2025,271,90,50,36,2,60,398,906,,0,,50
21/06/2025,268,90,48,36,1,60,373,875,,0,,48
22/06/2025,267,86,49,36,1,56,361,856,,0,,49
23/06/2025,262,89,50,36,1,64,419,920,,0,,50
24/06/2025,248,88,48,36,1,64,402,886,,0,,48
25/06/2025,256,86,50,36,1,70,391,889,,0,,50
26/06/2025,271,85,49,36,1,66,389,898,,0,,49
27/06/2025,271,85,52,36,1,66,406,915,,0,,52
28/06/2025,273,82,51,36,1,65,371,879,,0,,51
29/06/2025,275,83,51,36,1,67,371,883,,0,,51
30/06/2025,276,89,52,36,1,70,411,935,,0,,52
01/07/2025,275,83,53,36,1,72,401,920,,0,,53
02/07/2025,273,82,50,36,2,71,403,917,,0,,50
03/07/2025,274,80,48,36,1,66,398,902,,0,,48
04/07/2025,272,81,51,31,1,64,385,885,,0,,51
05/07/2025,277,82,50,30,1,63,359,861,,0,,50
06/07/2025,277,79,49,34,1,64,358,861,,0,,49
07/07/2025,275,82,51,36,1,67,385,897,,0,,51
08/07/2025,276,80,50,32,1,72,396,908,,0,,50
09/07/2025,275,83,50,31,1,72,412,924,,0,,50
10/07/2025,275,85,49,33,3,72,422,938,,0,,49
11/07/2025,276,83,48,36,4,72,388,907,,0,,48
12/07/2025,275,79,46,36,1,63,354,853,,0,,46
13/07/2025,274,81,47,36,1,66,341,846,,0,,47
14/07/2025,268,80,49,36,1,67,369,868,,0,,49
15/07/2025,274,80,53,36,1,68,394,904,,0,,53
16/07/2025,251,83,55,32,1,66,394,881,,0,,55
17/07/2025,247,85,52,30,1,69,388,874,,0,,52
18/07/2025,271,82,52,31,1,71,383,891,,0,,52
19/07/2025,274,79,51,32,1,69,333,839,,0,,51
20/07/2025,271,79,49,32,1,68,334,834,,0,,49
21/07/2025,270,78,53,31,1,70,363,866,,0,,53
22/07/2025,271,78,53,36,1,70,373,883,,0,,53
23/07/2025,271,80,56,36,2,71,365,880,,0,,56
24/07/2025,268,79,56,36,2,72,370,881,,0,,56
25/07/2025,269,79,56,32,2,69,356,862,,0,,56
26/07/2025,270,83,55,36,4,68,328,843,,0,,55
27/07/2025,273,84,51,36,3,69,318,834,,0,,51
28/07/2025,274,86,54,36,2,70,354,877,,0,,54
29/07/2025,273,87,54,36,2,69,359,880,,0,,54
30/07/2025,273,88,55,36,2,69,347,869,,0,,55
31/07/2025,270,87,55,36,2,69,322,840,,0,,55
01/08/2025,274,91,53,35,1,67,325,847,,0,,53
02/08/2025,266,88,49,35,1,61,313,813,,0,,49
03/08/2025,267,86,49,35,1,63,301,801,,0,,49
04/08/2025,267,94,51,35,1,58,305,810,,0,,51
05/08/2025,273,95,50,35,1,61,307,821,,0,,50
06/08/2025,276,94,48,34,1,65,310,828,,0,,48
07/08/2025,271,96,46,34,1,61,306,814,,0,,46
08/08/2025,272,92,45,34,1,60,298,801,,0,,45
09/08/2025,271,89,46,34,1,61,302,805,,0,,46
10/08/2025,272,90,45,34,1,64,313,819,,0,,45
11/08/2025,271,88,48,34,1,63,328,833,,0,,48
12/08/2025,268,87,50,34,1,53,312,804,,0,,50
13/08/2025,272,89,51,34,1,50,312,808,,0,,51
14/08/2025,269,88,52,34,1,49,305,798,,0,,52
15/08/2025,268,89,51,34,1,47,275,764,,0,,51
16/08/2025,265,89,49,34,1,50,273,760,,0,,49
17/08/2025,267,91,51,34,1,50,280,774,,0,,51
18/08/2025,268,89,54,33,1,42,345,830,,0,,54
19/08/2025,274,88,52,33,1,48,326,821,,0,,52
20/08/2025,275,81,51,29,1,47,317,801,,0,,51
21/08/2025,271,81,52,36,1,41,312,794,,0,,52
22/08/2025,269,84,50,35,1,39,310,787,,0,,50
23/08/2025,271,86,48,34,1,35,301,774,,0,,48
24/08/2025,272,89,49,34,1,32,303,778,,0,,49
25/08/2025,272,87,54,34,1,39,330,815,,0,,54
26/08/2025,273,87,54,34,1,38,333,818,,0,,54
27/08/2025,275,84,54,33,1,30,319,795,,0,,54
28/08/2025,269,84,54,34,1,46,306,792,,0,,54
29/08/2025,268,88,55,34,1,27,338,810,,0,,55
30/08/2025,241,88,52,34,1,27,336,777,,0,,52
31/08/2025,229,89,52,34,1,28,344,776,,0,,52
01/09/2025,249,88,52,36,3,27,382,836,,0,,52
02/09/2025,207,86,53,35,1,39,364,785,,0,,53
03/09/2025,207,79,53,36,1,42,380,797,,0,,53
04/09/2025,211,81,53,36,1,49,381,810,,0,,53
05/09/2025,214,75,52,36,1,51,389,817,,0,,52
06/09/2025,211,66,50,36,1,49,349,761,,0,,50
07/09/2025,210,65,49,36,1,50,346,757,,0,,49
08/09/2025,213,73,52,36,1,45,382,800,,0,,52
09/09/2025,212,73,54,33,1,50,387,810,,0,,54
10/09/2025,209,75,54,36,1,46,374,795,,0,,54
11/09/2025,187,78,53,36,1,42,372,769,,0,,53
12/09/2025,179,78,54,37,1,48,374,771,,0,,54
13/09/2025,179,70,52,38,1,21,366,726,,0,,52
14/09/2025,183,69,52,38,1,53,360,755,,0,,52
15/09/2025,198,78,54,38,1,53,395,816,,0,,54
16/09/2025,193,64,47,37,1,59,388,789,,0,,47
17/09/2025,186,30,46,31,1,58,419,770,,0,,46
18/09/2025,190,30,46,36,1,61,421,785,,0,,46
19/09/2025,185,42,47,38,1,54,411,778,,0,,47
20/09/2025,216,38,51,37,1,49,367,759,,0,,51
21/09/2025,216,39,51,37,1,51,360,755,,0,,51
22/09/2025,211,38,52,37,1,58,395,791,,0,,52
23/09/2025,214,45,54,37,2,56,402,810,,0,,54
24/09/2025,169,46,53,37,3,65,395,768,,0,,53
25/09/2025,205,47,54,37,5,63,385,796,,0,,54
26/09/2025,233,47,52,37,4,60,412,846,,0,,52
27/09/2025,256,48,53,37,2,56,361,813,,0,,53
28/09/2025,258,49,53,37,1,58,350,806,,0,,53
29/09/2025,262,56,56,37,2,45,398,856,,0,,56
30/09/2025,260,55,55,37,3,44,415,868,,0,,55
01/10/2025,259,78,53,37,3,12,373,815,,0,,53
02/10/2025,262,81,55,37,3,13,369,821,,0,,55
03/10/2025,261,81,54,37,4,13,416,866,,0,,54
04/10/2025,252,74,55,37,9,11,384,821,,0,,55
05/10/2025,260,73,53,37,9,11,371,814,,0,,53
06/10/2025,262,73,56,38,5,16,430,880,,0,,56
07/10/2025,255,80,57,38,3,18,432,883,,0,,57
08/10/2025,254,81,57,37,2,16,416,861,,0,,57
09/10/2025,257,80,57,37,3,17,416,866,,0,,57
10/10/2025,252,85,56,37,6,20,430,885,,0,,56
11/10/2025,252,81,52,37,6,19,413,859,,0,,52
12/10/2025,238,81,53,37,6,17,398,829,,0,,53
13/10/2025,257,86,45,36,6,21,407,857,,0,,45
14/10/2025,260,85,47,33,6,22,443,895,,0,,47
15/10/2025,260,85,48,35,6,21,422,877,,0,,48
16/10/2025,234,85,50,35,6,22,437,869,,0,,50
17/10/2025,253,85,55,37,6,18,450,904,,0,,55
18/10/2025,256,82,57,36,5,12,410,857,,0,,57
19/10/2025,248,80,57,36,5,14,390,830,,0,,57
20/10/2025,240,92,57,36,6,18,409,858,,0,,57
21/10/2025,248,102,57,36,6,39,401,889,,0,,57
22/10/2025,257,95,57,36,6,42,411,903,,0,,57
23/10/2025,253,109,56,36,6,37,404,900,,0,,56
24/10/2025,248,96,56,36,6,35,416,893,,0,,56
25/10/2025,272,91,56,38,6,29,371,863,,0,,56
26/10/2025,268,89,56,36,3,26,353,831,,0,,56
27/10/2025,270,116,56,36,6,30,416,930,,0,,56
28/10/2025,273,97,56,36,4,39,428,933,,0,,56
29/10/2025,263,95,57,36,5,31,454,941,,0,,57
30/10/2025,271,96,56,36,6,43,460,968,,0,,56
31/10/2025,271,100,57,36,6,41,456,967,,0,,57
01/11/2025,272,74,51,36,6,39,406,883,,0,,51
02/11/2025,272,70,49,35,6,39,412,882,,0,,49
03/11/2025,271,83,54,32,6,41,431,918,,0,,54
04/11/2025,274,83,57,32,8,40,423,916,,0,,57
05/11/2025,272,84,57,33,6,40,421,912,,0,,57
06/11/2025,274,84,57,34,6,31,428,914,,0,,57
07/11/2025,274,88,57,32,6,41,445,944,,0,,57
08/11/2025,274,84,55,36,6,29,413,896,,0,,55
09/11/2025,272,83,54,36,6,33,407,891,,0,,54
10/11/2025,273,90,55,36,6,42,447,948,,0,,55
11/11/2025,277,92,55,36,6,57,451,974,,0,,55
12/11/2025,276,88,55,36,4,67,436,961,,0,,55
13/11/2025,276,88,56,36,5,52,411,924,,0,,56
14/11/2025,277,82,54,36,6,47,412,913,,0,,54
15/11/2025,268,80,52,36,6,40,392,873,,0,,52
16/11/2025,246,81,52,36,6,44,398,862,,0,,52
17/11/2025,264,81,50,36,6,28,443,907,,0,,50
18/11/2025,245,82,56,36,6,24,446,893,,0,,56
19/11/2025,246,82,56,36,5,25,442,893,,0,,56
20/11/2025,235,83,55,35,4,25,455,891,,0,,55
21/11/2025,248,99,55,37,4,27,430,901,,0,,55
22/11/2025,254,100,55,37,3,23,407,878,,0,,55
23/11/2025,254,99,54,37,3,22,390,859,,0,,54
24/11/2025,253,99,55,37,4,23,433,902,,0,,55
25/11/2025,250,97,55,37,4,29,417,889,,0,,55
26/11/2025,252,62,55,37,4,24,418,851,,0,,55
27/11/2025,265,92,55,37,3,21,417,889,,0,,55
28/11/2025,264,92,56,37,2,23,428,900,,0,,56
29/11/2025,260,82,55,37,2,23,377,834,,0,,55
30/11/2025,261,78,55,37,2,22,390,843,,0,,55
01/12/2025,258,77,57,36,2,30,422,882,,0,,57
02/12/2025,257,89,57,34,1,30,436,904,,0,,57
03/12/2025,245,91,57,34,1,33,415,876,,0,,57
04/12/2025,256,90,57,34,1,35,400,873,,0,,57
05/12/2025,271,90,57,34,2,35,401,890,,0,,57
06/12/2025,274,70,57,34,2,23,360,819,,0,,57
07/12/2025,270,68,55,34,2,22,356,807,,0,,55
08/12/2025,275,64,56,34,2,25,376,830,,0,,56
09/12/2025,275,76,57,34,1,21,402,865,,0,,57
10/12/2025,269,90,57,34,1,22,448,920,,0,,57
11/12/2025,257,73,57,34,1,26,458,907,,0,,57
12/12/2025,261,73,57,34,2,24,454,904,,0,,57
13/12/2025,256,67,57,34,2,21,411,847,,0,,57
14/12/2025,258,67,57,34,2,20,397,834,,0,,57
15/12/2025,258,88,57,34,2,30,438,906,,0,,57
16/12/2025,248,89,57,34,2,23,477,930,,0,,57
17/12/2025,259,92,57,34,2,18,478,940,,0,,57
18/12/2025,256,89,56,34,2,14,464,915,,0,,56
19/12/2025,257,75,55,34,1,18,485,924,,0,,55
20/12/2025,251,72,56,34,1,19,408,840,,0,,56
21/12/2025,250,68,55,34,1,16,408,831,,0,,55
22/12/2025,254,76,56,34,2,23,426,871,,0,,56
23/12/2025,270,29,56,34,0,23,419,831,,0,,56
24/12/2025,274,65,56,34,2,22,377,830,,0,,56
25/12/2025,256,65,55,34,2,23,371,805,,0,,55
26/12/2025,259,67,55,34,2,22,398,836,,0,,55
27/12/2025,256,67,55,34,1,21,403,837,,0,,55
28/12/2025,262,68,55,34,1,23,404,847,,0,,55
29/12/2025,256,72,55,34,2,25,401,845,,0,,55
30/12/2025,232,73,57,36,2,23,415,837,,0,,57
31/12/2025,238,27,55,36,0,23,442,820,,0,,55
01/01/2026,244,92,55,34,2,15,391,832,,0,,55
02/01/2026,248,92,54,34,2,20,383,832,,0,,54
03/01/2026,248,92,54,32,2,19,383,829,,0,,54
04/01/2026,244,92,54,32,2,23,393,839,,0,,54
05/01/2026,250,95,54,32,2,20,441,893,,0,,54
06/01/2026,250,95,54,32,2,24,411,867,,0,,54
07/01/2026,259,94,53,32,2,24,436,899,,0,,53
08/01/2026,236,92,55,32,2,30,427,873,,0,,55
09/01/2026,252,93,56,32,1,26,384,844,,0,,56
10/01/2026,253,96,55,32,1,25,381,843,,0,,55
11/01/2026,255,95,56,32,1,19,393,850,,0,,56
12/01/2026,250,93,57,32,1,24,445,902,,0,,57
13/01/2026,241,93,57,30,1,24,456,901,,0,,57
14/01/2026,237,94,57,32,1,17,500,937,,0,,57
15/01/2026,238,93,57,32,1,18,479,918,,0,,57
16/01/2026,240,93,57,32,1,18,486,927,,0,,57
17/01/2026,239,95,57,32,1,19,441,882,,0,,57
18/01/2026,237,96,57,32,1,17,422,862,,0,,57
19/01/2026,237,93,57,32,1,21,460,902,,0,,57
20/01/2026,256,93,57,30,1,24,396,857,,0,,57
21/01/2026,255,93,57,29,1,25,423,882,,0,,57
22/01/2026,246,95,57,30,1,27,437,892,,0,,57
23/01/2026,264,94,57,32,1,19,387,854,,0,,57
24/01/2026,267,94,57,32,1,17,382,850,,0,,57
25/01/2026,264,95,57,32,1,24,381,854,,0,,57
26/01/2026,266,91,57,32,1,27,425,899,,0,,57
27/01/2026,268,91,57,32,1,22,425,896,,0,,57
28/01/2026,268,93,57,33,1,22,433,905,,0,,57
29/01/2026,270,93,57,33,1,25,417,895,,0,,57
30/01/2026,274,94,56,33,1,23,404,884,,0,,56
31/01/2026,271,94,57,33,1,22,380,857,,0,,57
01/02/2026,271,96,56,33,1,21,399,876,,0,,56
02/02/2026,273,94,57,34,1,23,420,902,,0,,57
03/02/2026,275,95,57,33,1,34,370,866,,0,,57
04/02/2026,275,95,56,33,1,40,372,873,,0,,56
05/02/2026,269,94,56,33,1,40,397,890,,0,,56
06/02/2026,270,95,57,33,1,38,400,893,,0,,57
07/02/2026,273,96,55,33,1,41,387,887,,0,,55
08/02/2026,276,96,56,33,1,41,384,887,,0,,56
09/02/2026,276,95,57,33,3,49,427,939,,0,,57
10/02/2026,275,94,57,29,3,52,419,929,,0,,57
11/02/2026,275,94,56,35,3,50,394,907,,0,,56
12/02/2026,272,96,55,35,2,44,395,899,,0,,55
13/02/2026,276,96,54,35,2,42,410,916,,0,,54
14/02/2026,277,95,54,33,1,39,385,884,,0,,54
15/02/2026,277,96,53,33,1,36,401,896,,0,,53
16/02/2026,272,95,53,33,2,35,423,913,,0,,53
17/02/2026,270,95,51,33,2,33,447,931,,0,,51
18/02/2026,274,95,51,34,2,33,445,933,,0,,51
19/02/2026,268,94,52,32,2,27,457,930,,0,,52
20/02/2026,271,96,53,37,1,23,457,938,,0,,53
21/02/2026,276,96,53,36,1,21,446,928,,0,,53
22/02/2026,278,97,53,36,1,20,460,943,,0,,53
23/02/2026,271,96,54,36,1,23,468,949,,0,,54
24/02/2026,272,96,54,34,1,24,475,955,,0,,54
25/02/2026,270,95,55,34,1,24,501,980,,0,,55
26/02/2026,272,96,55,34,1,26,482,964,,0,,55
27/02/2026,271,96,55,34,1,29,494,979,,0,,55
28/02/2026,262,97,56,34,1,29,443,921,,0,,56
01/03/2026,268,99,50,34,1,27,467,945,,0,,50
02/03/2026,267,98,51,34,1,32,495,978,,0,,51
03/03/2026,254,97,55,34,1,23,499,962,,0,,55
04/03/2026,239,96,56,34,1,19,479,924,,0,,56
05/03/2026,254,96,57,34,1,21,459,922,,0,,57
06/03/2026,247,98,57,34,1,21,453,910,,0,,57
07/03/2026,248,99,57,34,1,16,447,902,,0,,57
08/03/2026,251,99,56,34,1,17,444,901,,0,,56
09/03/2026,248,99,57,34,1,20,473,932,,0,,57
10/03/2026,251,98,57,35,2,19,458,921,,0,,57
11/03/2026,267,97,57,36,2,25,447,931,,0,,57
12/03/2026,268,98,57,34,2,24,436,919,,0,,57
13/03/2026,269,98,57,34,2,27,439,926,,0,,57
14/03/2026,266,99,55,35,2,25,422,903,,0,,55
15/03/2026,269,99,55,35,2,28,433,920,,0,,55
16/03/2026,273,98,56,34,2,28,454,944,,0,,56
17/03/2026,274,95,52,34,1,31,441,927,,0,,52
18/03/2026,257,98,48,32,1,34,416,886,,0,,48
19/03/2026,272,99,55,34,1,31,397,888,,0,,55
20/03/2026,274,99,55,34,1,32,413,908,,0,,55
21/03/2026,275,99,56,35,0,29,391,886,,0,,56
22/03/2026,275,99,56,36,0,30,391,886,,0,,56
23/03/2026,272,98,56,36,2,39,408,911,,0,,56
24/03/2026,268,103,56,34,3,45,440,948,,0,,56
25/03/2026,273,103,56,35,3,33,426,928,,0,,56
26/03/2026,275,102,54,36,1,39,413,920,,0,,54
27/03/2026,276,100,56,35,1,37,422,926,,0,,56
28/03/2026,260,100,55,31,1,27,425,899,,0,,55
29/03/2026,271,102,57,33,1,26,444,932,,0,,57
30/03/2026,270,102,57,33,1,30,477,968,,0,,57
31/03/2026,272,95,56,34,1,33,461,950,,0,,56
01/04/2026,269,93,47,34,1,42,423,907,,0,,47
02/04/2026,269,91,45,34,1,44,433,916,,0,,45
03/04/2026,275,92,46,34,1,39,421,907,,0,,46
04/04/2026,275,94,41,31,1,32,416,889,,0,,41
05/04/2026,272,95,42,34,1,31,413,887,,0,,42
06/04/2026,276,95,42,34,1,34,411,893,,0,,42
07/04/2026,268,95,41,34,1,48,440,927,,0,,41
08/04/2026,279,94,43,34,1,50,443,943,,0,,43
09/04/2026,276,96,44,34,1,51,443,943,,0,,44
10/04/2026,272,95,45,34,1,40,441,927,,0,,45
11-Apr,270,96,42,34,1,36,416,894,,0,,42
12-Apr,272,96,41,34,1,36,392,873,,0,,41
13-Apr,267,96,42,34,1,51,428,918,,0,,42
14-Apr,261,100,44,34,0,42,430,910,,0,,44
15-Apr,260,99,44,34,0,46,425,907,,0,,44
16-Apr,262,102,38,34,0,33,444,912,,0,,38
17-Apr,264,104,37,34,0,30,443,910,,0,,37
18-Apr,267,103,38,33,0,34,407,882,,0,,38
19-Apr,267,103,38,33,0,40,399,880,,0,,38
20-Apr,261,104,34,33,0,37,436,906,,0,,34
21-Apr,243,99,36,33,0,27,413,850,,0,,36
22-Apr,264,99,39,34,0,30,419,885,,0,,39
23-Apr,272,99,38,33,0,53,372,866,,0,,38
24-Apr,273,102,43,33,0,31,438,920,,0,,43
25-Apr,274,105,41,32,0,34,409,896,,0,,41
26-Apr,273,106,40,32,0,32,412,894,,0,,40
27-Apr,272,105,41,33,1,39,451,941,,0,,41
28-Apr,269,105,41,33,1,42,438,929,,0,,41
29-Apr,271,106,43,34,1,43,427,924,,2,,41
30-Apr,262,105,41,34,2,52,421,917,,,,41
1-May,262,99,43,33,2,42,407,888,,,,43
2-May,258,98,42,34,2,41,415,889,,,,42
3-May,253,98,41,35,1,35,420,883,,,,41
4-May,259,98,44,33,3,39,436,913,,,,44
5-May,259,98,43,34,3,46,420,901,,,,43
6-May,260,98,43,34,5,45,398,882,,,,43
7-May,247,102,47,34,4,39,406,878,,,,47
8-May,261,102,46,31,5,33,416,894,,,,46
9-May,263,103,47,33,3,34,384,867,,,,47
10-May,264,103,46,34,1,32,377,858,,,,46