date,gpr_index,gpr_threat,gpr_act,gz_spread,ebp,est_prob,gpr_index_lag1,gpr_index_lag2,gpr_index_lag3,gz_spread_lag1
1985-04-01,87.92900085449219,94.64019775390624,73.75779724121094,1.061068733819435,-0.078164654481782,0.1765832747459256,124.77815246582033,117.10202026367188,102.17337799072266,0.9706894728250528
1985-05-01,103.26284790039062,111.15978240966795,92.27672576904295,1.1991082705631746,-0.2901940552456499,0.1164030229725093,87.92900085449219,124.77815246582033,117.10202026367188,1.061068733819435
1985-06-01,148.78282165527344,134.65670776367188,174.1437530517578,1.1697971611050744,0.0327031103402322,0.2147470357114808,103.26284790039062,87.92900085449219,124.77815246582033,1.1991082705631746
1985-07-01,133.90542602539062,126.30107879638672,149.5423583984375,1.1333078735846984,-0.011394807877133,0.1990248714834361,148.78282165527344,103.26284790039062,87.92900085449219,1.1697971611050744
1985-08-01,82.78410339355469,75.26383972167969,84.87953186035156,1.1611328656795772,0.013322043162969,0.2077500211152254,133.90542602539062,148.78282165527344,103.26284790039062,1.1333078735846984
1985-09-01,102.43449401855467,101.56950378417967,92.48631286621094,1.1356248045926107,0.0936875813338389,0.2376368282300113,82.78410339355469,133.90542602539062,148.78282165527344,1.1611328656795772
1985-10-01,105.99191284179688,91.34220886230467,118.73129272460938,1.2284311223784024,0.1552410822612779,0.262035845393946,102.43449401855467,82.78410339355469,133.90542602539062,1.1356248045926107
1985-11-01,94.84818267822266,98.25837707519533,80.12213897705078,1.2895870431877798,0.1766144896234778,0.27079873363905,105.99191284179688,102.43449401855467,82.78410339355469,1.2284311223784024
1985-12-01,96.4211654663086,80.3045654296875,111.21063232421876,1.3748789370417211,-0.0462965025932726,0.1870873747997335,94.84818267822266,105.99191284179688,102.43449401855467,1.2895870431877798
1986-01-01,135.36074829101562,137.66831970214844,166.0226287841797,1.328334663563506,0.1887343125288725,0.2758319243663926,96.4211654663086,94.84818267822266,105.99191284179688,1.3748789370417211
1986-02-01,98.75003051757812,84.02117919921875,114.81560516357422,1.5497237045603347,-0.2088556990391188,0.1375002757409979,135.36074829101562,96.4211654663086,94.84818267822266,1.328334663563506
1986-03-01,98.67667388916016,85.12946319580078,117.56116485595705,1.9991487519450328,0.5608936742512944,0.4480197949965285,98.75003051757812,135.36074829101562,96.4211654663086,1.5497237045603347
1986-04-01,148.31385803222656,142.49339294433594,182.87278747558597,1.9184641059649592,0.5110188896357863,0.4235070985049165,98.67667388916016,98.75003051757812,135.36074829101562,1.9991487519450328
1986-05-01,117.38924407958984,126.68498992919922,114.20220947265624,1.5866962357352212,0.0057333569091795,0.2050474400105943,148.31385803222656,98.67667388916016,98.75003051757812,1.9184641059649592
1986-06-01,96.29425048828124,106.94334411621094,80.0658187866211,1.9003727235973955,0.0762849488402792,0.230971788905153,117.38924407958984,148.31385803222656,98.67667388916016,1.5866962357352212
1986-07-01,94.70178985595705,99.80805206298828,83.9753189086914,2.0692244812858496,0.6909395987048599,0.5126376068250197,96.29425048828124,117.38924407958984,148.31385803222656,1.9003727235973955
1986-08-01,103.34593963623048,104.75926971435548,99.84519958496094,2.231424460367828,0.6548918997614137,0.4946867347773664,94.70178985595705,96.29425048828124,117.38924407958984,2.0692244812858496
1986-09-01,117.1078872680664,106.35902404785156,126.74607849121094,1.902236023663172,0.3014398125204911,0.3247102192676282,103.34593963623048,94.70178985595705,96.29425048828124,2.231424460367828
1986-10-01,96.7924346923828,109.01692199707033,77.40582275390625,1.9137912097627143,0.4828107033348205,0.4097669495273195,117.1078872680664,103.34593963623048,94.70178985595705,1.902236023663172
1986-11-01,109.77281951904295,124.65135192871094,89.47162628173828,2.028667375395258,0.592478622148948,0.4636527918186219,96.7924346923828,117.1078872680664,103.34593963623048,1.9137912097627143
1986-12-01,89.75377655029297,93.46377563476562,78.10250091552734,1.930246589778661,0.617114865597487,0.475886859579972,109.77281951904295,96.7924346923828,117.1078872680664,2.028667375395258
1987-01-01,96.94281768798828,90.4955062866211,104.48915100097656,1.8012622410758348,0.4766019178458625,0.406756864036956,89.75377655029297,109.77281951904295,96.7924346923828,1.930246589778661
1987-02-01,100.683349609375,109.72402954101562,89.29598236083984,1.9024488648189863,0.5440230264827159,0.4397010522024145,96.94281768798828,89.75377655029297,109.77281951904295,1.8012622410758348
1987-03-01,89.60771942138672,105.55125427246094,67.09355163574219,1.8239814018725848,0.4323856575131395,0.3854893280840453,100.683349609375,96.94281768798828,89.75377655029297,1.9024488648189863
1987-04-01,113.39408111572266,117.12814331054688,99.12645721435548,1.7103216658632594,-0.2774764775114595,0.1195408617583203,89.60771942138672,100.683349609375,96.94281768798828,1.8239814018725848
1987-05-01,98.65091705322266,97.37140655517578,95.23518371582033,1.68388721748476,0.1671229011933241,0.2668892821901375,113.39408111572266,89.60771942138672,100.683349609375,1.7103216658632594
1987-06-01,94.18240356445312,99.82925415039062,81.82940673828125,1.639050457817809,0.1528617390154414,0.2610694065847376,98.65091705322266,113.39408111572266,89.60771942138672,1.68388721748476
1987-07-01,98.87196350097656,107.52894592285156,88.26481628417969,1.594127177127132,0.2279670384203707,0.292433063279116,94.18240356445312,98.65091705322266,113.39408111572266,1.639050457817809
1987-08-01,99.96844482421876,115.48031616210938,87.60133361816406,1.5160015599025936,0.2249149936189634,0.2911250959799273,98.87196350097656,94.18240356445312,98.65091705322266,1.594127177127132
1987-09-01,121.16707611083984,143.4519805908203,97.5398178100586,1.4993881575531094,0.2183317306280328,0.2883131512338333,99.96844482421876,98.87196350097656,94.18240356445312,1.5160015599025936
1987-10-01,101.05858612060548,110.70101928710938,88.82691192626953,1.6241249060666865,-0.6893530316262264,0.045373462009014,121.16707611083984,99.96844482421876,98.87196350097656,1.4993881575531094
1987-11-01,96.15348815917967,110.79949951171876,75.88374328613281,1.6043764806399006,0.2152020316749257,0.2869808526825065,101.05858612060548,121.16707611083984,99.96844482421876,1.6241249060666865
1987-12-01,109.85638427734376,124.4972915649414,88.26872253417969,1.5739394552917203,-0.0359224757025147,0.1905884948568387,96.15348815917967,101.05858612060548,121.16707611083984,1.6043764806399006
1988-01-01,83.20153045654297,87.14092254638672,72.89557647705078,1.642292720468512,-0.1798566844443796,0.1456173676728637,109.85638427734376,96.15348815917967,101.05858612060548,1.5739394552917203
1988-02-01,86.20614624023438,90.1892547607422,73.8230972290039,1.5964031008325026,0.1647008123753071,0.2658962439846561,83.20153045654297,109.85638427734376,96.15348815917967,1.642292720468512
1988-03-01,110.20651245117188,105.9420166015625,109.30101776123048,1.4943899163805952,-0.1007579315558939,0.1693668893142756,86.20614624023438,83.20153045654297,109.85638427734376,1.5964031008325026
1988-04-01,119.45051574707033,113.93638610839844,128.48338317871094,1.394489346097105,-0.030044138429661,0.1925901028953009,110.20651245117188,86.20614624023438,83.20153045654297,1.4943899163805952
1988-05-01,104.87347412109376,106.54883575439452,97.1541748046875,1.4005998368546866,0.0511798171676558,0.2215433065772134,119.45051574707033,110.20651245117188,86.20614624023438,1.394489346097105
1988-06-01,79.70812225341797,74.01183319091797,81.0764389038086,1.461479289175077,0.1496089404471625,0.259751159838114,104.87347412109376,119.45051574707033,110.20651245117188,1.4005998368546866
1988-07-01,83.43048095703125,70.79203796386719,96.27418518066406,1.352658344162862,-0.1358685338897627,0.1585337863033198,79.70812225341797,104.87347412109376,119.45051574707033,1.461479289175077
1988-08-01,84.05416107177734,73.71106719970703,93.28092193603516,1.3358934015049817,0.0375584931068002,0.2165211544532712,83.43048095703125,79.70812225341797,104.87347412109376,1.352658344162862
1988-09-01,74.84265899658203,72.93437957763672,74.3477783203125,1.4314266115200294,0.2231586692018823,0.2903736559533484,84.05416107177734,83.43048095703125,79.70812225341797,1.3358934015049817
1988-10-01,73.45023345947266,71.80867004394531,65.83024597167969,1.556773251364014,0.3287396349587164,0.3370650648129866,74.84265899658203,84.05416107177734,83.43048095703125,1.4314266115200294
1988-11-01,68.79841613769531,55.85908508300781,77.55838012695312,1.4785730124629266,0.2295959953938071,0.2931322763008754,73.45023345947266,74.84265899658203,84.05416107177734,1.556773251364014
1988-12-01,90.39871978759766,82.27973937988281,94.38412475585938,1.491305310749086,0.3651492259226423,0.353818035506388,68.79841613769531,73.45023345947266,74.84265899658203,1.4785730124629266
1989-01-01,89.24658966064453,89.09522247314453,82.81503295898438,1.5547748210063714,0.3629872897812576,0.3528149364115835,90.39871978759766,68.79841613769531,73.45023345947266,1.491305310749086
1989-02-01,91.6185531616211,88.43746948242188,91.77456665039062,1.4457451433967528,0.2500658840621992,0.3019840886216609,89.24658966064453,90.39871978759766,68.79841613769531,1.5547748210063714
1989-03-01,87.73377227783203,79.90110778808594,93.0866241455078,1.521796417969204,0.4829633698153805,0.4098410316796773,91.6185531616211,89.24658966064453,90.39871978759766,1.4457451433967528
1989-04-01,83.57909393310547,77.83438873291016,84.56328582763672,1.5762463223027845,0.5672796371837823,0.4511748249444395,87.73377227783203,91.6185531616211,89.24658966064453,1.521796417969204
1989-05-01,103.82850646972656,116.7505340576172,80.26698303222656,1.627533859086566,0.3907292494231562,0.3657620798839593,83.57909393310547,87.73377227783203,91.6185531616211,1.5762463223027845
1989-06-01,89.46155548095703,97.67894744873048,68.48663330078125,1.828941160853612,0.6494525505190962,0.4919781127705128,103.82850646972656,83.57909393310547,87.73377227783203,1.627533859086566
1989-07-01,84.75310516357422,84.32604217529297,78.8324966430664,1.957873517878501,0.8765144134828815,0.6038612123141703,89.46155548095703,103.82850646972656,83.57909393310547,1.828941160853612
1989-08-01,109.1772918701172,115.9572525024414,115.18624114990234,1.7728031516570917,0.5900707565075975,0.4624587281377696,84.75310516357422,89.46155548095703,103.82850646972656,1.957873517878501
1989-09-01,85.54584503173828,79.4195785522461,88.94374084472656,1.6098494298780603,0.6343835101016146,0.4844765286267935,109.1772918701172,84.75310516357422,89.46155548095703,1.7728031516570917
1989-10-01,69.52467346191406,68.15611267089844,64.53548431396484,1.5479655398984602,0.5216624998825301,0.4287168056032095,85.54584503173828,109.1772918701172,84.75310516357422,1.6098494298780603
1989-11-01,92.8287124633789,71.7497329711914,112.52256774902344,1.54437498183621,0.6406840669838408,0.4876125205893808,69.52467346191406,85.54584503173828,109.1772918701172,1.5479655398984602
1989-12-01,112.55352783203124,101.52501678466795,128.65443420410156,1.4583979179545183,0.5331014110917829,0.434329642668626,92.8287124633789,69.52467346191406,85.54584503173828,1.54437498183621
1990-01-01,81.5440444946289,76.01142120361328,80.72607421875,1.353000376120297,0.2684344633732647,0.3100278984805609,112.55352783203124,92.8287124633789,69.52467346191406,1.4583979179545183
1990-02-01,77.40721130371094,81.10881042480469,65.3890380859375,1.3481455158781577,0.4037105904278364,0.3718744487016721,81.5440444946289,112.55352783203124,92.8287124633789,1.353000376120297
1990-03-01,67.5919418334961,68.18672180175781,59.72285842895508,1.342693439550254,0.4265591590513984,0.3827108510604801,77.40721130371094,81.5440444946289,112.55352783203124,1.3481455158781577
1990-04-01,81.64384460449219,97.97654724121094,54.79267120361328,1.2768704962813933,0.185405908498522,0.274445118268018,67.5919418334961,77.40721130371094,81.5440444946289,1.342693439550254
1990-05-01,86.40711975097656,97.81657409667967,66.84378051757812,1.1438834400060625,0.1004488685025,0.2402545222744559,81.64384460449219,67.5919418334961,77.40721130371094,1.2768704962813933
1990-06-01,79.68110656738281,72.84642028808594,80.65287780761719,1.16396636073479,0.1537103521328531,0.2614138849161224,86.40711975097656,81.64384460449219,67.5919418334961,1.1438834400060625
1990-07-01,85.78742980957031,82.36925506591797,81.84713745117188,1.1153271973470955,0.0843539854386365,0.2340491001026995,79.68110656738281,86.40711975097656,81.64384460449219,1.16396636073479
1990-08-01,250.4510803222656,353.7631225585937,128.2501983642578,1.0449809382742012,-0.2225699874001847,0.1337711811391479,85.78742980957031,79.68110656738281,86.40711975097656,1.1153271973470955
1990-09-01,188.66053771972656,262.1236267089844,106.9548110961914,1.0662999533630766,-0.0040311350949797,0.2016009000656708,250.4510803222656,85.78742980957031,79.68110656738281,1.0449809382742012
1990-10-01,143.85256958007812,172.9463653564453,105.10758972167967,1.323732043990583,0.1734511886743408,0.2694926446796009,188.66053771972656,250.4510803222656,85.78742980957031,1.0662999533630766
1990-11-01,158.74354553222656,201.1810607910156,115.40345764160156,1.4659013762689967,0.2757345870616372,0.3132504227740761,143.85256958007812,188.66053771972656,250.4510803222656,1.323732043990583
1990-12-01,153.1624298095703,194.6485290527344,103.18325805664062,1.4681418916324196,0.3514678816699765,0.3474875242768748,158.74354553222656,143.85256958007812,188.66053771972656,1.4659013762689967
1991-01-01,379.2497863769531,360.0328063964844,479.7158508300781,1.4811933533571378,0.3728396248798484,0.3573944311883431,153.1624298095703,158.74354553222656,143.85256958007812,1.4681418916324196
1991-02-01,339.3580322265625,253.7916259765625,490.2737426757813,1.329468144946888,0.3040766654213345,0.3258954518039229,379.2497863769531,153.1624298095703,158.74354553222656,1.4811933533571378
1991-03-01,148.61831665039062,133.98248291015625,171.39544677734375,1.288112556455963,0.2380355507728575,0.2967672209431533,339.3580322265625,379.2497863769531,153.1624298095703,1.329468144946888
1991-04-01,97.760009765625,100.77496337890624,88.50554656982422,1.2895749714037532,0.2019221544892928,0.2813603549113966,148.61831665039062,339.3580322265625,379.2497863769531,1.288112556455963
1991-05-01,88.56902313232422,95.45738983154295,79.06768798828125,1.24254903373424,0.186706752852382,0.2749867156233853,97.760009765625,148.61831665039062,339.3580322265625,1.2895749714037532
1991-06-01,87.73383331298828,99.7988510131836,69.48858642578125,1.219053645634931,0.0978311888399972,0.2392392038076858,88.56902313232422,97.760009765625,148.61831665039062,1.24254903373424
1991-07-01,115.18467712402344,144.65106201171875,84.731201171875,1.3049049073262844,0.1952518541314578,0.278557442724713,87.73383331298828,88.56902313232422,97.760009765625,1.219053645634931
1991-08-01,113.49502563476562,133.4146728515625,87.34529113769531,1.2288004143189024,0.1390661714417285,0.2555022722190546,115.18467712402344,87.73383331298828,88.56902313232422,1.3049049073262844
1991-09-01,117.94219207763672,154.14364624023438,74.79663848876953,1.3313648828634703,0.1716838698240281,0.2687643171785285,113.49502563476562,115.18467712402344,87.73383331298828,1.2288004143189024
1991-10-01,100.8318099975586,122.6444320678711,77.95648193359375,1.3086918230970053,0.1568584165784585,0.262693817701058,117.94219207763672,113.49502563476562,115.18467712402344,1.3313648828634703
1991-11-01,100.7423324584961,120.3302230834961,77.58206176757812,1.3010046608973738,0.1688444594187372,0.2675962454852231,100.8318099975586,117.94219207763672,113.49502563476562,1.3086918230970053
1991-12-01,103.96953582763672,135.23251342773438,58.74743270874024,1.4660034604411245,0.1802074504562381,0.2722860467086875,100.7423324584961,100.8318099975586,117.94219207763672,1.3010046608973738
1992-01-01,102.95763397216795,126.1564712524414,69.45668029785156,1.2794536211254657,0.0537608013255557,0.2225023578246159,103.96953582763672,100.7423324584961,100.8318099975586,1.4660034604411245
1992-02-01,87.2034683227539,101.0959701538086,62.86050415039063,1.242899862440982,0.1031997628380179,0.2413240359620254,102.95763397216795,103.96953582763672,100.7423324584961,1.2794536211254657
1992-03-01,85.29731750488281,107.12957000732422,53.69252014160156,1.1699083103909609,0.0465993613993784,0.2198471154653817,87.2034683227539,102.95763397216795,103.96953582763672,1.242899862440982
1992-04-01,85.85562133789062,92.64119720458984,74.40125274658203,1.175509784223132,0.0386017449218587,0.2169034543172097,85.29731750488281,87.2034683227539,102.95763397216795,1.1699083103909609
1992-05-01,78.96814727783203,93.08229064941406,56.43539047241211,1.1843820679140804,0.0055842489357769,0.2049945479417044,85.85562133789062,85.29731750488281,87.2034683227539,1.175509784223132
1992-06-01,93.84909057617188,124.3361358642578,49.73001480102539,1.172716978626827,0.0044312866900879,0.2045858392889223,78.96814727783203,85.85562133789062,85.29731750488281,1.1843820679140804
1992-07-01,75.19676971435547,92.42886352539062,51.64294052124024,1.2350408369293928,-0.0633742591572743,0.1814111367182086,93.84909057617188,78.96814727783203,85.85562133789062,1.172716978626827
1992-08-01,81.64519500732422,87.55679321289062,70.1595230102539,1.3799484301665772,0.0820440407894935,0.2331658373324673,75.19676971435547,93.84909057617188,78.96814727783203,1.2350408369293928
1992-09-01,74.6097183227539,92.68926239013672,45.73872375488281,1.500225097394876,0.1806517022802274,0.2724702271730919,81.64519500732422,75.19676971435547,93.84909057617188,1.3799484301665772
1992-10-01,68.18277740478516,71.33625793457031,58.99306106567383,1.393902458396458,0.1102703129988278,0.2440848084449884,74.6097183227539,81.64519500732422,75.19676971435547,1.500225097394876
1992-11-01,91.00899505615234,109.6229248046875,68.5569076538086,1.2645266161700814,0.0719368649009533,0.2293229588489862,68.18277740478516,74.6097183227539,81.64519500732422,1.393902458396458
1992-12-01,83.42096710205078,97.29403686523438,60.88547134399414,1.3295045115637305,0.1061420739298297,0.2424708273575355,91.00899505615234,68.18277740478516,74.6097183227539,1.2645266161700814
1993-01-01,128.91807556152344,144.89353942871094,114.82777404785156,1.355951641874794,0.0696570979830533,0.2284610958209027,83.42096710205078,91.00899505615234,68.18277740478516,1.3295045115637305
1993-02-01,90.4680633544922,105.26100158691406,64.63740539550781,1.3965432285368893,0.0631148317292618,0.2259979322483688,128.91807556152344,83.42096710205078,91.00899505615234,1.355951641874794
1993-03-01,94.24144744873048,99.9146728515625,80.28809356689453,1.3454621283300705,0.0346648560258973,0.2154628231253618,90.4680633544922,128.91807556152344,83.42096710205078,1.3965432285368893
1993-04-01,112.72166442871094,144.0390167236328,72.71391296386719,1.3935857024107212,0.0674103463536659,0.2276134976083515,94.24144744873048,90.4680633544922,128.91807556152344,1.3454621283300705
1993-05-01,110.72975158691406,137.38629150390625,77.88386535644531,1.3054661954946778,0.0370784646249777,0.2163453789543321,112.72166442871094,94.24144744873048,90.4680633544922,1.3935857024107212
1993-06-01,104.19525146484376,125.46405029296876,73.33211517333984,1.2981601902812958,-0.03046185747262,0.1924474444690312,110.72975158691406,112.72166442871094,94.24144744873048,1.3054661954946778
1993-07-01,123.31478881835938,131.75840759277344,107.0821533203125,1.2721859437250171,-0.0374197249903602,0.1900807206300152,104.19525146484376,110.72975158691406,112.72166442871094,1.2981601902812958
1993-08-01,97.2416763305664,97.08562469482422,94.7355728149414,1.3625285071977742,-0.037749497513525,0.1899689940403517,123.31478881835938,104.19525146484376,110.72975158691406,1.2721859437250171
1993-09-01,89.16477966308594,97.45659637451172,76.93018341064453,1.3998979187338974,0.0530637470833386,0.222243110843752,97.2416763305664,123.31478881835938,104.19525146484376,1.3625285071977742
1993-10-01,106.16590881347656,130.3068084716797,65.22377014160156,1.3367448488358842,-0.0219915477070096,0.1953528226315155,89.16477966308594,97.2416763305664,123.31478881835938,1.3998979187338974
1993-11-01,83.48017883300781,105.1309585571289,51.35593795776367,1.2544880900996584,-0.1168351319680596,0.1643487285952277,106.16590881347656,89.16477966308594,97.2416763305664,1.3367448488358842
1993-12-01,79.55179595947266,97.06568145751952,50.134674072265625,1.2250751399134472,-0.1545515082812913,0.1529587579394583,83.48017883300781,106.16590881347656,89.16477966308594,1.2544880900996584
1994-01-01,83.48997497558594,93.09183502197266,65.27042388916016,1.18684313879281,-0.2307823904226789,0.1315717034883867,79.55179595947266,83.48017883300781,106.16590881347656,1.2250751399134472
1994-02-01,117.2420654296875,148.14723205566406,76.48810577392578,1.0968800713628677,-0.4245612574845783,0.0867717946517358,83.48997497558594,79.55179595947266,83.48017883300781,1.18684313879281
1994-03-01,93.47403717041016,98.56234741210938,79.4195327758789,1.1755918513296757,-0.3090793391804118,0.1118519476633625,117.2420654296875,83.48997497558594,79.55179595947266,1.0968800713628677
1994-04-01,95.35697174072266,116.44586181640624,68.70893859863281,1.1879849829668934,-0.267441504256755,0.1220585861893311,93.47403717041016,117.2420654296875,83.48997497558594,1.1755918513296757
1994-05-01,104.46678924560548,122.97669982910156,73.90620422363281,1.2113674560872132,-0.2731383650108925,0.1206247405833847,95.35697174072266,93.47403717041016,117.2420654296875,1.1879849829668934
1994-06-01,120.35224151611328,148.2960662841797,79.9498519897461,1.1748465768652063,-0.3181653003895566,0.1097082915265519,104.46678924560548,95.35697174072266,93.47403717041016,1.2113674560872132
1994-07-01,99.6402359008789,115.40325927734376,75.47087860107422,1.1696839016010063,-0.2921481357376969,0.1159261148767406,120.35224151611328,104.46678924560548,95.35697174072266,1.1748465768652063
1994-08-01,98.2270278930664,122.92201232910156,66.64015197753906,1.1477256712956685,-0.2611551711428534,0.12365463922879,99.6402359008789,120.35224151611328,104.46678924560548,1.1696839016010063
1994-09-01,98.8984832763672,131.31796264648438,51.33683013916016,1.1327907919544653,-0.3853630845044726,0.0947650456291142,98.2270278930664,99.6402359008789,120.35224151611328,1.1477256712956685
1994-10-01,94.85363006591795,118.89933776855467,64.50569152832031,1.1500297873729357,-0.3023431442253801,0.1134604447520072,98.8984832763672,98.2270278930664,99.6402359008789,1.1327907919544653
1994-11-01,86.5298080444336,100.79308319091795,70.68946075439453,1.219551405021898,-0.2275366107203191,0.1324379992273234,94.85363006591795,98.8984832763672,98.2270278930664,1.1500297873729357
1994-12-01,96.04750061035156,107.74173736572266,81.61609649658203,1.245588667914712,-0.176392657444536,0.1466080924181835,86.5298080444336,94.85363006591795,98.8984832763672,1.219551405021898
1995-01-01,80.15467834472656,84.89913940429688,70.47705841064453,1.2376204091901175,-0.2202703429487316,0.1343915848279887,96.04750061035156,86.5298080444336,94.85363006591795,1.245588667914712
1995-02-01,76.87532806396484,72.59407043457031,77.14599609375,1.2088059775581974,-0.2520913257442416,0.1259815157235316,80.15467834472656,96.04750061035156,86.5298080444336,1.2376204091901175
1995-03-01,82.24444580078125,79.15904235839844,79.87528991699219,1.2078650507605075,-0.261250430073763,0.1236303451606571,76.87532806396484,80.15467834472656,96.04750061035156,1.2088059775581974
1995-04-01,99.19087982177734,93.92303466796876,99.14794158935548,1.183477000313479,-0.2006859334200375,0.1397551649082586,82.24444580078125,76.87532806396484,80.15467834472656,1.2078650507605075
1995-05-01,87.842529296875,96.40919494628906,79.34961700439453,1.2813010454586733,-0.2897979028169497,0.1164998764048355,99.19087982177734,82.24444580078125,76.87532806396484,1.183477000313479
1995-06-01,104.60775756835938,121.57904815673828,85.1209487915039,1.3072308326919748,-0.1042510599575306,0.1682683046571272,87.842529296875,99.19087982177734,82.24444580078125,1.2813010454586733
1995-07-01,107.64541625976562,115.32476806640624,100.19744873046876,1.2247000578450402,-0.275314371971058,0.1200802027058341,104.60775756835938,87.842529296875,99.19087982177734,1.3072308326919748
1995-08-01,106.93478393554688,118.4973373413086,100.7674560546875,1.2437997207484637,-0.1674447017689924,0.1491881334174755,107.64541625976562,104.60775756835938,87.842529296875,1.2247000578450402
1995-09-01,71.20516967773438,72.98401641845703,68.81755065917969,1.2399793988750591,-0.1251810743816632,0.161782123057789,106.93478393554688,107.64541625976562,104.60775756835938,1.2437997207484637
1995-10-01,67.74150085449219,64.2778091430664,69.12648010253906,1.313574129636491,-0.0884088936370544,0.1732874514409066,71.20516967773438,106.93478393554688,107.64541625976562,1.2399793988750591
1995-11-01,76.33349609375,78.8126220703125,69.86588287353516,1.358512931554788,-0.0054807521908124,0.2010922085483486,67.74150085449219,71.20516967773438,106.93478393554688,1.313574129636491
1995-12-01,65.67205810546875,68.98201751708984,55.363800048828125,1.372109117508295,-0.0183791300054221,0.1965999711377057,76.33349609375,67.74150085449219,71.20516967773438,1.358512931554788
1996-01-01,75.63492584228516,73.66007995605469,79.68246459960938,1.3535891710896124,-0.0658756639219309,0.1805888760952761,65.67205810546875,76.33349609375,67.74150085449219,1.372109117508295
1996-02-01,80.4209213256836,85.9759750366211,69.15779113769531,1.2660126664666465,-0.2779355088075779,0.1194265758707467,75.63492584228516,65.67205810546875,76.33349609375,1.3535891710896124
1996-03-01,82.14761352539062,77.89100646972656,84.08819580078125,1.2248624597498483,-0.3028331095894503,0.1133428953961337,80.4209213256836,75.63492584228516,65.67205810546875,1.2660126664666465
1996-04-01,84.82862091064453,71.23197174072266,98.6463623046875,1.2275426310800963,-0.2530324615469594,0.1257384958370524,82.14761352539062,80.4209213256836,75.63492584228516,1.2248624597498483
1996-05-01,65.53082275390625,59.1929931640625,68.71073913574219,1.173951392709142,-0.2863218701459682,0.1173521668339371,84.82862091064453,82.14761352539062,80.4209213256836,1.2275426310800963
1996-06-01,69.08858489990234,72.52593231201172,61.67017364501953,1.2378641745844523,-0.2391380707955508,0.1293596014154464,65.53082275390625,84.82862091064453,82.14761352539062,1.173951392709142
1996-07-01,80.64431762695312,74.90693664550781,85.2721939086914,1.250432484837979,-0.2876321744377681,0.1170303754985999,69.08858489990234,65.53082275390625,84.82862091064453,1.2378641745844523
1996-08-01,81.6876449584961,81.7337417602539,85.69389343261719,1.220289058995749,-0.3586922350986032,0.1005058216308454,80.64431762695312,69.08858489990234,65.53082275390625,1.250432484837979
1996-09-01,88.19697570800781,87.04828643798828,92.83900451660156,1.204128297221062,-0.3527380580314279,0.1018213752504976,81.6876449584961,80.64431762695312,69.08858489990234,1.220289058995749
1996-10-01,55.58683013916016,56.87975692749024,49.54435729980469,1.2458245076563657,-0.2951132717382176,0.1152051034741292,88.19697570800781,81.6876449584961,80.64431762695312,1.204128297221062
1996-11-01,57.34461212158203,58.0576171875,51.038421630859375,1.293653400846767,-0.2466046952920726,0.1274047918991329,55.58683013916016,88.19697570800781,81.6876449584961,1.2458245076563657
1996-12-01,74.98263549804688,80.17862701416016,66.17648315429688,1.2157914465016706,-0.3697000584599801,0.0981064193952273,57.34461212158203,55.58683013916016,88.19697570800781,1.293653400846767
1997-01-01,54.06243515014648,53.25782775878906,55.227325439453125,1.2492595672741846,-0.3173522864057869,0.1098988963350115,74.98263549804688,57.34461212158203,55.58683013916016,1.2157914465016706
1997-02-01,50.559940338134766,54.50136566162109,43.509159088134766,1.183749164449512,-0.4343450494927621,0.0848576071543087,54.06243515014648,74.98263549804688,57.34461212158203,1.2492595672741846
1997-03-01,58.48006057739258,56.36629867553711,59.907318115234375,1.1872482912305606,-0.4650876409718723,0.0790488494431562,50.559940338134766,54.06243515014648,74.98263549804688,1.183749164449512
1997-04-01,62.844486236572266,62.37605667114258,61.28048324584961,1.1921553480545748,-0.4133807349955121,0.0889985458001446,58.48006057739258,50.559940338134766,54.06243515014648,1.1872482912305606
1997-05-01,53.57601547241211,53.54428482055664,49.572898864746094,1.1503118443016456,-0.4125000069621077,0.0891757455182627,62.844486236572266,58.48006057739258,50.559940338134766,1.1921553480545748
1997-06-01,39.04562377929688,36.68563461303711,38.63948059082031,1.1253428701756425,-0.5127165680168537,0.0706512025252998,53.57601547241211,62.844486236572266,58.48006057739258,1.1503118443016456
1997-07-01,47.69842529296875,47.428409576416016,43.43375015258789,1.182791168896258,-0.488945182163508,0.0747524979181483,39.04562377929688,53.57601547241211,62.844486236572266,1.1253428701756425
1997-08-01,48.582298278808594,46.30862808227539,49.42500305175781,1.123788043465732,-0.49054197989158,0.0744714307355057,47.69842529296875,39.04562377929688,53.57601547241211,1.182791168896258
1997-09-01,42.6890869140625,41.63934326171875,41.08793258666992,1.1348460962459217,-0.5428619056186097,0.0657015878787885,48.582298278808594,47.69842529296875,39.04562377929688,1.123788043465732
1997-10-01,49.74630737304688,58.68946075439453,34.460205078125,1.2675429750986125,-0.4160092302495342,0.0884712592747491,42.6890869140625,48.582298278808594,47.69842529296875,1.1348460962459217
1997-11-01,59.6933708190918,79.03630828857422,32.765533447265625,1.291483356687293,-0.3093810730363286,0.1117802819366076,49.74630737304688,42.6890869140625,48.582298278808594,1.2675429750986125
1997-12-01,43.998268127441406,48.36233139038086,35.839134216308594,1.2848991315655756,-0.3743099847420741,0.0971141480674936,59.6933708190918,49.74630737304688,42.6890869140625,1.291483356687293
1998-01-01,53.0963020324707,59.82126998901367,42.4878158569336,1.3324764948963344,-0.3290694236240301,0.1071748113118245,43.998268127441406,59.6933708190918,49.74630737304688,1.2848991315655756
1998-02-01,77.59761810302734,101.84082794189452,45.36801910400391,1.300507169835315,-0.3039449390320865,0.1130764746616978,53.0963020324707,43.998268127441406,59.6933708190918,1.3324764948963344
1998-03-01,57.24806213378906,65.50199890136719,44.5167121887207,1.2807110816305671,-0.356254344421506,0.1010429575041289,77.59761810302734,53.0963020324707,43.998268127441406,1.300507169835315
1998-04-01,50.99658203125,58.76738357543945,38.00284957885742,1.1931878821197677,-0.3894659975458927,0.0939038007111403,57.24806213378906,77.59761810302734,53.0963020324707,1.2807110816305671
1998-05-01,94.4734878540039,129.79888916015625,43.8027572631836,1.2049649621035616,-0.343078354018985,0.1039822394726034,50.99658203125,57.24806213378906,77.59761810302734,1.1931878821197677
1998-06-01,76.30907440185547,94.95468139648438,48.77885437011719,1.304477392053375,-0.3050528717721652,0.1128114325172953,94.4734878540039,50.99658203125,57.24806213378906,1.2049649621035616
1998-07-01,54.04841613769531,64.22628021240234,38.29932403564453,1.351531588162124,-0.2652218326126907,0.1226204838252922,76.30907440185547,94.4734878540039,50.99658203125,1.304477392053375
1998-08-01,97.02085876464844,83.93855285644531,123.8387451171875,1.982338248471696,0.1344829553101381,0.2536665588343335,54.04841613769531,76.30907440185547,94.4734878540039,1.351531588162124
1998-09-01,62.51344299316406,68.4769515991211,55.129615783691406,2.0939971059121394,0.1183406432074605,0.2472566575040954,97.02085876464844,54.04841613769531,76.30907440185547,1.982338248471696
1998-10-01,54.40364837646485,57.89592742919922,48.27804183959961,2.231529067261861,0.2332711549912531,0.2947126417834428,62.51344299316406,97.02085876464844,54.04841613769531,2.0939971059121394
1998-11-01,67.96592712402344,88.07134246826172,38.60226440429688,1.9704781514693368,0.2173081019897664,0.2878770763364168,54.40364837646485,62.51344299316406,97.02085876464844,2.231529067261861
1998-12-01,75.95989227294922,86.2803955078125,64.999755859375,1.931560859653758,0.0811755063062737,0.2328342116213144,67.96592712402344,54.40364837646485,62.51344299316406,1.9704781514693368
1999-01-01,63.98722457885742,69.46121215820312,53.77272033691406,1.8910240518719068,0.072949197681315,0.2297062536063523,75.95989227294922,67.96592712402344,54.40364837646485,1.931560859653758
1999-02-01,58.316383361816406,67.28399658203125,44.1739501953125,1.7647874110936752,-0.1523701999618816,0.1536028783473051,63.98722457885742,75.95989227294922,67.96592712402344,1.8910240518719068
1999-03-01,83.39727783203125,89.73835754394531,75.18807983398438,1.6627708467708866,-0.1405192679825468,0.1571336965012358,58.316383361816406,63.98722457885742,75.95989227294922,1.7647874110936752
1999-04-01,106.19801330566406,112.34139251708984,103.2333755493164,1.61081396376359,-0.1812509579626813,0.1452198737086331,83.39727783203125,58.316383361816406,63.98722457885742,1.6627708467708866
1999-05-01,85.44113159179688,89.3775634765625,80.67141723632812,1.6458082656553763,-0.1797021980923916,0.1456614552210781,106.19801330566406,83.39727783203125,58.316383361816406,1.61081396376359
1999-06-01,79.4105453491211,75.96134948730469,83.76152038574219,1.6858768196852143,-0.1163780583179538,0.1644900496089351,85.44113159179688,106.19801330566406,83.39727783203125,1.6458082656553763
1999-07-01,62.14287185668945,66.83728790283203,54.25792694091797,1.7423784548501322,-0.0682937414455693,0.1797962323553836,79.4105453491211,85.44113159179688,106.19801330566406,1.6858768196852143
1999-08-01,62.858642578125,65.2621078491211,57.959991455078125,1.9586411946480329,-0.0076807092951187,0.2003216842325332,62.14287185668945,79.4105453491211,85.44113159179688,1.7423784548501322
1999-09-01,69.58151245117188,75.54266357421875,62.21402740478516,2.0206204322703125,0.1258289189102266,0.2502193408807706,62.858642578125,62.14287185668945,79.4105453491211,1.9586411946480329
1999-10-01,72.35348510742188,79.38410949707031,60.16195297241211,2.0866789305995903,0.1394859212135537,0.2556707406446212,69.58151245117188,62.858642578125,62.14287185668945,2.0206204322703125
1999-11-01,57.9638671875,60.38698196411133,52.49796676635742,2.037546173748062,0.1043990637161067,0.2417911177998905,72.35348510742188,69.58151245117188,62.858642578125,2.0866789305995903
1999-12-01,86.0849380493164,95.51082611083984,86.46973419189453,1.862697629054356,-0.125299519816276,0.161745886835416,57.9638671875,72.35348510742188,69.58151245117188,2.037546173748062
2000-01-01,64.45780944824219,65.57360076904297,64.25041198730469,1.951746674154659,0.059738812073546,0.2247327563825609,86.0849380493164,57.9638671875,72.35348510742188,1.862697629054356
2000-02-01,63.54172134399414,57.65135955810547,68.08216857910156,2.122063749705321,0.1489372018745154,0.259479355998979,64.45780944824219,86.0849380493164,57.9638671875,1.951746674154659
2000-03-01,50.10198593139648,55.03073501586914,40.81640625,2.4724797336204185,0.413889485843721,0.3766900453550348,63.54172134399414,64.45780944824219,86.0849380493164,2.122063749705321
2000-04-01,48.6827392578125,53.30490493774414,40.91702651977539,2.6326045966269307,0.571147646995092,0.4530873565142188,50.10198593139648,63.54172134399414,64.45780944824219,2.4724797336204185
2000-05-01,79.48287963867188,77.26969909667969,83.22781372070312,2.802786292820378,0.7532399636361053,0.5435806620316115,48.6827392578125,50.10198593139648,63.54172134399414,2.6326045966269307
2000-06-01,64.71781921386719,73.57466888427734,53.17440032958984,2.8122246765252883,0.8008960946468391,0.5670829968043564,79.48287963867188,48.6827392578125,50.10198593139648,2.802786292820378
2000-07-01,51.90402221679688,57.31697463989258,41.059078216552734,2.9290527958432584,0.8810562497328589,0.6060444828229168,64.71781921386719,79.48287963867188,48.6827392578125,2.8122246765252883
2000-08-01,46.49225616455078,49.192291259765625,41.58592224121094,3.051138311629874,1.034701983839871,0.6775415711986166,51.90402221679688,64.71781921386719,79.48287963867188,2.9290527958432584
2000-09-01,52.68999862670898,64.44499206542969,35.192142486572266,3.199956227897844,1.141777702523255,0.7239138843008981,46.49225616455078,51.90402221679688,64.71781921386719,3.051138311629874
2000-10-01,76.45652770996094,82.38760375976562,77.61014556884766,3.635501030687768,1.5328875678622151,0.8605444753351589,52.68999862670898,46.49225616455078,51.90402221679688,3.199956227897844
2000-11-01,45.06056213378906,44.357688903808594,47.206809997558594,3.7367477473529096,1.615917280003058,0.882272334233035,76.45652770996094,52.68999862670898,46.49225616455078,3.635501030687768
2000-12-01,45.39509963989258,46.16897964477539,43.98335266113281,3.7571032536719455,1.615636657621771,0.882203179930825,45.06056213378906,76.45652770996094,52.68999862670898,3.7367477473529096
2001-01-01,46.89955520629883,53.70235824584961,38.34331893920898,3.370642447300915,1.1606795207179452,0.7317470106656513,45.39509963989258,45.06056213378906,76.45652770996094,3.7571032536719455
2001-02-01,55.08771133422852,63.68989181518555,45.42667388916016,3.292957190620823,1.1922312004433686,0.7445684204704925,46.89955520629883,45.39509963989258,45.06056213378906,3.370642447300915
2001-03-01,61.70895385742188,66.72218322753906,56.86698913574219,3.249290427478023,1.121066875309424,0.7152041403194367,55.08771133422852,46.89955520629883,45.39509963989258,3.292957190620823
2001-04-01,50.5687370300293,52.7736701965332,47.17219924926758,3.172554202298158,0.9301365719836272,0.6294118367081443,61.70895385742188,55.08771133422852,46.89955520629883,3.249290427478023
2001-05-01,60.376861572265625,61.344993591308594,56.86418914794922,2.968723805976939,0.7851640389393904,0.5593465281633758,50.5687370300293,61.70895385742188,55.08771133422852,3.172554202298158
2001-06-01,72.06433868408203,79.31310272216797,64.2144775390625,3.076429073669688,1.0269164472606036,0.6740469325088699,60.376861572265625,50.5687370300293,61.70895385742188,2.968723805976939
2001-07-01,61.072940826416016,65.49278259277344,52.618770599365234,3.0117005556463217,0.7949464258896879,0.5641600169755248,72.06433868408203,60.376861572265625,50.5687370300293,3.076429073669688
2001-08-01,64.10773468017578,55.23207473754883,74.89220428466797,3.003516881008127,0.7754042777961718,0.554535417382403,61.072940826416016,72.06433868408203,60.376861572265625,3.0117005556463217
2001-09-01,498.64788818359375,260.16961669921875,841.177490234375,3.5172105122612867,1.2403812090207262,0.7634994435759166,64.10773468017578,61.072940826416016,72.06433868408203,3.003516881008127
2001-10-01,512.5297241210938,261.347412109375,854.074951171875,3.417345785311736,1.0566976695029142,0.6873293864821161,498.64788818359375,64.10773468017578,61.072940826416016,3.5172105122612867
2001-11-01,306.785888671875,149.79522705078125,509.7461242675781,2.969791665177343,-0.0913837191043782,0.1723377629132625,512.5297241210938,498.64788818359375,64.10773468017578,3.417345785311736
2001-12-01,236.0997467041016,126.19801330566406,381.9725036621094,2.8843698750408246,0.4118517587004153,0.3757244396846579,306.785888671875,512.5297241210938,498.64788818359375,2.969791665177343
2002-01-01,172.47720336914062,106.9162368774414,262.2870178222656,2.920527776772775,0.5737271749681376,0.4543634080948051,236.0997467041016,306.785888671875,512.5297241210938,2.8843698750408246
2002-02-01,146.1857147216797,95.78031158447266,212.90550231933597,2.958090585289686,0.7921154277372073,0.5627679498899761,172.47720336914062,236.0997467041016,306.785888671875,2.920527776772775
2002-03-01,151.9763641357422,99.12334442138672,219.9688415527344,2.6166188563709696,0.2868501165146373,0.3181846387437862,146.1857147216797,172.47720336914062,236.0997467041016,2.958090585289686
2002-04-01,157.49655151367188,100.74444580078124,225.64035034179688,2.658459443149495,0.424805684715563,0.3818758464005282,151.9763641357422,146.1857147216797,172.47720336914062,2.6166188563709696
2002-05-01,163.3223114013672,142.246826171875,209.4087829589844,2.73463728322125,0.5240229261901699,0.4298738768777959,157.49655151367188,151.9763641357422,146.1857147216797,2.658459443149495
2002-06-01,149.33042907714844,127.7907485961914,189.1234893798828,3.2774888967934257,0.9777959778578942,0.6516555106311407,163.3223114013672,157.49655151367188,151.9763641357422,2.73463728322125
2002-07-01,122.7783432006836,94.34967803955078,168.41973876953125,4.091923009031274,1.606291934276801,0.8798839075965083,149.33042907714844,163.3223114013672,157.49655151367188,3.2774888967934257
2002-08-01,127.06451416015624,101.69573974609376,157.46444702148438,3.9681842117671433,1.5035481879860098,0.8522521716911365,122.7783432006836,149.33042907714844,163.3223114013672,4.091923009031274
2002-09-01,174.90333557128906,174.5314483642578,188.7191925048828,4.296627011872055,1.6898100148219144,0.8994934276773827,127.06451416015624,122.7783432006836,149.33042907714844,3.9681842117671433
2002-10-01,172.03192138671875,167.02581787109375,197.3990631103516,4.3470043902468944,1.4818226489198625,0.8459031457693286,174.90333557128906,127.06451416015624,122.7783432006836,4.296627011872055
2002-11-01,159.12759399414062,155.0137481689453,179.06283569335938,3.774240172865568,1.063197121442713,0.6901968647013071,172.03192138671875,174.90333557128906,127.06451416015624,4.3470043902468944
2002-12-01,175.8117218017578,182.9995574951172,175.19842529296875,3.678170983408556,0.9286872805215132,0.6287281479294322,159.12759399414062,172.03192138671875,174.90333557128906,3.774240172865568
2003-01-01,206.43460083007807,245.8175506591797,176.95985412597656,3.562984513458865,0.8775616772226686,0.6043649260462913,175.8117218017578,159.12759399414062,172.03192138671875,3.678170983408556
2003-02-01,239.6109313964844,296.7597961425781,213.080322265625,3.4491588116232954,0.676954616364684,0.5056744695805613,206.43460083007807,175.8117218017578,159.12759399414062,3.562984513458865
2003-03-01,358.711181640625,362.41107177734375,429.1441955566406,3.2069138402586472,0.161114787025951,0.2644294465323179,239.6109313964844,206.43460083007807,175.8117218017578,3.4491588116232954
2003-04-01,255.77517700195312,212.6054534912109,331.6032409667969,2.72867792736998,0.0737349355518701,0.2300040009622798,358.711181640625,239.6109313964844,206.43460083007807,3.2069138402586472
2003-05-01,162.1218719482422,153.3962860107422,186.8463592529297,2.804684502891423,-0.4702249494850155,0.0781082539366879,255.77517700195312,358.711181640625,239.6109313964844,2.72867792736998
2003-06-01,145.7697296142578,127.83353424072266,176.91827392578125,2.5407174376511183,-0.3650023165899716,0.0991252137919231,162.1218719482422,255.77517700195312,358.711181640625,2.804684502891423
2003-07-01,134.89891052246094,108.3927993774414,167.4486541748047,2.4420962025251987,-1.0705361570758232,0.0151045135544232,145.7697296142578,162.1218719482422,255.77517700195312,2.5407174376511183
2003-08-01,138.23092651367188,109.64905548095705,180.0001220703125,2.3966710255195864,-0.1954816548534976,0.1412046040466294,134.89891052246094,145.7697296142578,162.1218719482422,2.4420962025251987
2003-09-01,118.19628143310548,99.72046661376952,143.5571746826172,2.422968808832967,-0.5386649833737867,0.0663741232320239,138.23092651367188,134.89891052246094,145.7697296142578,2.3966710255195864
2003-10-01,108.3173828125,93.02832794189452,129.9432830810547,2.1027438622236847,-0.5190400017515291,0.0695898811257941,118.19628143310548,138.23092651367188,134.89891052246094,2.422968808832967
2003-11-01,118.0866928100586,93.3315887451172,153.246337890625,2.00841067750452,-0.5463579267605243,0.0651454116509567,108.3173828125,118.19628143310548,138.23092651367188,2.1027438622236847
2003-12-01,129.46507263183594,107.44403839111328,164.98052978515625,1.9178418291929265,-0.5109928312714827,0.0709426603051038,118.0866928100586,108.3173828125,118.19628143310548,2.00841067750452
2004-01-01,113.46759033203124,106.71729278564452,126.08518981933594,1.789382741289964,-0.7063403945014066,0.0433859193401595,129.46507263183594,118.0866928100586,108.3173828125,1.9178418291929265
2004-02-01,115.0759735107422,104.11482238769533,129.24427795410156,1.9030963038824733,-0.338387337148238,0.1050435293885969,113.46759033203124,129.46507263183594,118.0866928100586,1.789382741289964
2004-03-01,138.53207397460938,109.12393951416016,183.70297241210935,1.9172389986233151,-0.522956857224901,0.0689386615027836,115.0759735107422,113.46759033203124,129.46507263183594,1.9030963038824733
2004-04-01,149.6313934326172,121.14622497558594,205.3251953125,1.7469234840325616,-0.7633125085834054,0.0372279543140319,138.53207397460938,115.0759735107422,113.46759033203124,1.9172389986233151
2004-05-01,121.0911865234375,91.96539306640624,159.94842529296875,1.8923534946015337,-0.3817907924041217,0.0955196361047349,149.6313934326172,138.53207397460938,115.0759735107422,1.7469234840325616
2004-06-01,137.23391723632812,106.79373931884766,178.03662109375,1.803104308347058,-0.3867727770702407,0.0944684822081665,121.0911865234375,149.6313934326172,138.53207397460938,1.8923534946015337
2004-07-01,131.0198516845703,121.2677764892578,159.81219482421875,1.72978803047843,-0.3227877611360521,0.1086291011509468,137.23391723632812,121.0911865234375,149.6313934326172,1.803104308347058
2004-08-01,140.36582946777344,127.44524383544922,176.45431518554688,1.854785625263608,-0.4254109786457641,0.0866042790015853,131.0198516845703,137.23391723632812,121.0911865234375,1.72978803047843
2004-09-01,153.87161254882812,130.20606994628906,189.355224609375,1.7433738815547837,-0.5468480964357234,0.065067724268205,140.36582946777344,131.0198516845703,137.23391723632812,1.854785625263608
2004-10-01,119.86279296875,100.50788116455078,148.24447631835938,1.7348672231747069,-0.5301886631589066,0.0677486515105462,153.87161254882812,140.36582946777344,131.0198516845703,1.7433738815547837
2004-11-01,122.70738983154295,98.92665100097656,151.67926025390625,1.527808172086814,-0.6692096464652844,0.0478244666198913,119.86279296875,153.87161254882812,140.36582946777344,1.7348672231747069
2004-12-01,109.89522552490234,81.60477447509766,145.225341796875,1.4593200821488044,-0.7158167298668416,0.0423080885207161,122.70738983154295,119.86279296875,153.87161254882812,1.527808172086814
2005-01-01,100.88758850097656,78.19856262207031,128.5348663330078,1.694157418561368,-0.7001640686558521,0.0441002661837066,109.89522552490234,122.70738983154295,119.86279296875,1.4593200821488044
2005-02-01,108.97796630859376,104.7703628540039,108.79598236083984,1.5487873461845,-0.9295311785662268,0.0232234865677103,100.88758850097656,109.89522552490234,122.70738983154295,1.694157418561368
2005-03-01,90.41048431396484,87.22633361816406,87.87673950195312,1.84029884526466,-0.6418958181087229,0.051316015067734,108.97796630859376,100.88758850097656,109.89522552490234,1.5487873461845
2005-04-01,87.03240203857422,72.53263092041016,102.85391235351562,2.123849804550002,-0.3862366555960439,0.0945811877775096,90.41048431396484,108.97796630859376,100.88758850097656,1.84029884526466
2005-05-01,98.20596313476562,89.93269348144531,104.9098892211914,2.095573548080987,-0.3053033691887954,0.1127515694920664,87.03240203857422,90.41048431396484,108.97796630859376,2.123849804550002
2005-06-01,81.12405395507812,69.88249969482422,93.4175262451172,1.9517064141976743,-0.4507290351214426,0.0817232660660019,98.20596313476562,87.03240203857422,90.41048431396484,2.095573548080987
2005-07-01,165.90191650390625,118.1835708618164,237.5650177001953,1.7112655755249837,-0.5545270981352184,0.0638600379722639,81.12405395507812,98.20596313476562,87.03240203857422,1.9517064141976743
2005-08-01,116.2276611328125,92.68307495117188,143.29122924804688,1.799036344160574,-0.5517441222213135,0.0642956899339432,165.90191650390625,81.12405395507812,98.20596313476562,1.7112655755249837
2005-09-01,103.8076629638672,78.45670318603516,130.27203369140625,1.8192294221802885,-0.4601772172042508,0.0799558989294367,116.2276611328125,165.90191650390625,81.12405395507812,1.799036344160574
2005-10-01,87.06182861328125,73.18765258789062,105.56188201904295,1.868970152017997,-0.343592187542477,0.1038664646020787,103.8076629638672,116.2276611328125,165.90191650390625,1.8192294221802885
2005-11-01,83.48009490966797,70.60446166992188,96.0295867919922,1.8766400461010648,-0.3135405256648789,0.1107957031072636,87.06182861328125,103.8076629638672,116.2276611328125,1.868970152017997
2005-12-01,95.35025024414062,69.64460754394531,130.6789093017578,1.938260244880912,-0.2843340640262013,0.117841538130197,83.48009490966797,87.06182861328125,103.8076629638672,1.8766400461010648
2006-01-01,94.51001739501952,89.32347106933594,100.19158172607422,1.7809856727547158,-0.3545395770464803,0.1014220204708725,95.35025024414062,83.48009490966797,87.06182861328125,1.938260244880912
2006-02-01,95.85819244384766,89.40576171875,102.79864501953124,1.7325564182649502,-0.3108511796841375,0.1114315822515874,94.51001739501952,95.35025024414062,83.48009490966797,1.7809856727547158
2006-03-01,92.79762268066406,88.04222869873047,97.03602600097656,1.703692940493609,-0.397559226606972,0.0922219070497378,95.85819244384766,94.51001739501952,95.35025024414062,1.7325564182649502
2006-04-01,89.01580047607422,85.9110107421875,92.8307113647461,1.6274586663381525,-0.4348620000720116,0.0847573540693238,92.79762268066406,95.85819244384766,94.51001739501952,1.703692940493609
2006-05-01,85.20877838134766,84.03312683105469,82.27742767333984,1.6407348939685076,-0.3377701365873147,0.1051837456385396,89.01580047607422,92.79762268066406,95.85819244384766,1.6274586663381525
2006-06-01,102.57276916503906,90.38453674316406,115.67947387695312,1.7498725594804556,-0.3459695575832788,0.1033320222304248,85.20877838134766,89.01580047607422,92.79762268066406,1.6407348939685076
2006-07-01,137.13482666015625,134.39634704589844,142.0860595703125,1.7956068257685596,-0.2455165283927325,0.1276883948890644,102.57276916503906,85.20877838134766,89.01580047607422,1.7498725594804556
2006-08-01,147.08111572265625,141.55645751953125,159.18817138671875,1.804405126510942,-0.2702000044957351,0.1213628101916887,137.13482666015625,102.57276916503906,85.20877838134766,1.7956068257685596
2006-09-01,111.72425842285156,110.28041076660156,114.77066802978516,1.816555742070313,-0.3304032601970834,0.1068678255772228,147.08111572265625,137.13482666015625,102.57276916503906,1.804405126510942
2006-10-01,113.1352996826172,125.2918930053711,99.27391815185548,1.7122396586037132,-0.3609787452591879,0.1000039351551914,111.72425842285156,147.08111572265625,137.13482666015625,1.816555742070313
2006-11-01,88.77892303466797,87.27577209472656,86.71051025390625,1.7008695785119523,-0.3297874456393319,0.1070094778695613,113.1352996826172,111.72425842285156,147.08111572265625,1.7122396586037132
2006-12-01,90.60655975341795,95.78137969970705,78.7696533203125,1.5890978284489394,-0.4648599210190456,0.079090740631804,88.77892303466797,113.1352996826172,111.72425842285156,1.7008695785119523
2007-01-01,97.9200439453125,95.61344909667967,97.65373992919922,1.4951865175440908,-0.5256373862544936,0.0684957089058956,90.60655975341795,88.77892303466797,113.1352996826172,1.5890978284489394
2007-02-01,96.16935729980467,98.1557388305664,90.95567321777344,1.5323029579448273,-0.5203909258416288,0.0693647423821217,97.9200439453125,90.60655975341795,88.77892303466797,1.4951865175440908
2007-03-01,87.33650207519531,86.1521224975586,83.9186019897461,1.5917297287864896,-0.3323607716280297,0.1064184490685968,96.16935729980467,97.9200439453125,90.60655975341795,1.5323029579448273
2007-04-01,76.6133804321289,69.22551727294922,83.41928100585938,1.562129081402342,-0.3351557534865255,0.1057791857749224,87.33650207519531,96.16935729980467,97.9200439453125,1.5917297287864896
2007-05-01,92.5995864868164,82.30323028564453,103.89258575439452,1.471194593637376,-0.5664880797519458,0.0620137354493961,76.6133804321289,87.33650207519531,96.16935729980467,1.562129081402342
2007-06-01,97.9723129272461,87.08059692382812,109.30941009521484,1.633249752242368,-0.3566668765214087,0.1009519183014144,92.5995864868164,76.6133804321289,87.33650207519531,1.471194593637376
2007-07-01,112.34625244140624,103.2634048461914,127.13468170166016,2.1365167025746694,0.0536413690999912,0.2224579265984617,97.9723129272461,92.5995864868164,76.6133804321289,1.633249752242368
2007-08-01,83.17320251464844,73.12574005126953,100.14825439453124,2.2850340752048672,0.1593334203137049,0.2637023454195901,112.34625244140624,97.9723129272461,92.5995864868164,2.1365167025746694
2007-09-01,94.4888687133789,94.93997955322266,92.24872589111328,2.2533671596213987,0.0924388542597629,0.237155089940371,83.17320251464844,112.34625244140624,97.9723129272461,2.2850340752048672
2007-10-01,101.47301483154295,103.61026763916016,97.4951629638672,2.1881437218423065,0.0115430106036122,0.2071145679836087,94.4888687133789,83.17320251464844,112.34625244140624,2.2533671596213987
2007-11-01,89.79544830322266,95.7384796142578,81.56842803955078,2.76134197117763,0.3602671081755222,0.3515542744119981,101.47301483154295,94.4888687133789,83.17320251464844,2.1881437218423065
2007-12-01,94.96749114990234,98.5313720703125,84.13076782226562,2.847961743494156,0.5183709653272222,0.4271043333355773,89.79544830322266,101.47301483154295,94.4888687133789,2.76134197117763
2008-01-01,81.49982452392578,76.40237426757812,83.74764251708984,3.2658149715291525,0.736846002228714,0.5354560732936406,94.96749114990234,89.79544830322266,101.47301483154295,2.847961743494156
2008-02-01,80.75146484375,72.52851104736328,86.75279235839844,3.5365947591714133,0.9484894610246272,0.6380336266959565,81.49982452392578,94.96749114990234,89.79544830322266,3.2658149715291525
2008-03-01,77.63613891601562,72.02967834472656,83.48439025878906,3.7711590157616417,1.1702813639349623,0.7356828495143566,80.75146484375,81.49982452392578,94.96749114990234,3.5365947591714133
2008-04-01,71.9048080444336,69.45796966552734,69.99274444580078,3.267143026048855,0.678167780431977,0.5062786041863552,77.63613891601562,80.75146484375,81.49982452392578,3.7711590157616417
2008-05-01,72.57379913330078,70.67774963378906,74.78978729248047,3.110440973125883,0.6882180548980119,0.5112827829323245,71.9048080444336,77.63613891601562,80.75146484375,3.267143026048855
2008-06-01,87.54842376708984,88.88606262207031,80.34490203857422,3.4359653824443845,0.8279931341313409,0.5803466502618562,72.57379913330078,71.9048080444336,77.63613891601562,3.110440973125883
2008-07-01,89.73957061767578,84.3224868774414,88.16068267822266,3.669490580340298,1.08197513863354,0.698416240091922,87.54842376708984,72.57379913330078,71.9048080444336,3.4359653824443845
2008-08-01,88.55410766601562,75.76971435546875,105.06571197509766,3.776027124551635,1.2318791987980418,0.760213878916321,89.73957061767578,87.54842376708984,72.57379913330078,3.669490580340298
2008-09-01,88.54255676269531,82.01426696777344,94.46100616455078,4.7761317537836,1.7819312643434206,0.9182920165910236,88.55410766601562,89.73957061767578,87.54842376708984,3.776027124551635
2008-10-01,64.15979766845703,53.11738967895508,75.28266143798828,7.138029770412556,3.4069273006781606,0.99968954869801,88.54255676269531,88.55410766601562,89.73957061767578,4.7761317537836
2008-11-01,79.08097076416016,68.30364990234375,95.14356231689452,7.844395345971491,3.146423214444763,0.9990228891380252,64.15979766845703,88.54255676269531,88.55410766601562,7.138029770412556
2008-12-01,92.3664321899414,83.84313201904297,109.21497344970705,7.660285079980124,3.340271745001046,0.9995797525736592,79.08097076416016,64.15979766845703,88.54255676269531,7.844395345971491
2009-01-01,85.36947631835938,86.31317138671875,89.7125473022461,6.388291569059764,2.813832428887633,0.9963397021307184,92.3664321899414,79.08097076416016,64.15979766845703,7.660285079980124
2009-02-01,67.45267486572266,64.77291107177734,64.58635711669922,6.198652059657287,3.193046083865128,0.9991983522517706,85.36947631835938,92.3664321899414,79.08097076416016,6.388291569059764
2009-03-01,72.64462280273438,69.17710876464844,74.83297729492188,6.316331773799217,2.7712070273285185,0.9957141980784296,67.45267486572266,85.36947631835938,92.3664321899414,6.198652059657287
2009-04-01,85.6884994506836,84.48536682128906,83.98128509521484,5.42293669335514,2.264972864333017,0.977071232211795,72.64462280273438,67.45267486572266,85.36947631835938,6.316331773799217
2009-05-01,89.68086242675781,86.63702392578125,92.64315032958984,4.811100623482517,1.373132025985563,0.8114711082769339,85.6884994506836,72.64462280273438,67.45267486572266,5.42293669335514
2009-06-01,81.10958862304688,80.80081939697266,74.5913314819336,4.171172307299493,0.934725852032288,0.6315740797759684,89.68086242675781,85.6884994506836,72.64462280273438,4.811100623482517
2009-07-01,83.43962097167969,82.10675048828125,80.12088012695312,3.557523334059841,0.330120921863684,0.3376950212809396,81.10958862304688,89.68086242675781,85.6884994506836,4.171172307299493
2009-08-01,73.37187957763672,64.70917510986328,78.04385375976562,3.3379648422287085,0.0648513833947972,0.2266502764569696,83.43962097167969,81.10958862304688,89.68086242675781,3.557523334059841
2009-09-01,92.8399887084961,97.492919921875,77.7846450805664,2.977804360302778,0.0652205394716403,0.2267890886069419,73.37187957763672,83.43962097167969,81.10958862304688,3.3379648422287085
2009-10-01,90.57640075683594,88.22991180419922,90.4251480102539,2.861571860124334,-0.1368292897104885,0.1582438851393409,92.8399887084961,73.37187957763672,83.43962097167969,2.977804360302778
2009-11-01,82.10176086425781,74.31538391113281,85.0097885131836,2.8559688695180903,0.003881661736341,0.204391175870854,90.57640075683594,92.8399887084961,73.37187957763672,2.861571860124334
2009-12-01,92.94691467285156,89.34334564208984,95.87136840820312,2.421946275380708,-0.4775094380801463,0.0767891160099573,82.10176086425781,90.57640075683594,92.8399887084961,2.8559688695180903
2010-01-01,91.58102416992188,84.97299194335938,100.41094207763672,2.410360176256397,-0.187892174632358,0.1433365543234255,92.94691467285156,82.10176086425781,90.57640075683594,2.421946275380708
2010-02-01,80.72535705566406,78.84627532958984,80.71173858642578,2.4455255383742776,0.0105014663409539,0.2067430727354885,91.58102416992188,92.94691467285156,82.10176086425781,2.410360176256397
2010-03-01,74.116943359375,73.49691009521484,70.03934478759766,2.2364101938903507,-0.1482630870055086,0.1548205391196924,80.72535705566406,91.58102416992188,92.94691467285156,2.4455255383742776
2010-04-01,88.76158142089844,92.05691528320312,81.26840209960938,2.127524136146861,-0.2632817931945967,0.1231130781605742,74.116943359375,80.72535705566406,91.58102416992188,2.2364101938903507
2010-05-01,88.95870971679688,87.49411010742188,85.85739135742188,2.586776847018492,-0.1182902455136987,0.163899351463518,88.76158142089844,74.116943359375,80.72535705566406,2.127524136146861
2010-06-01,96.45369720458984,110.69171905517578,70.9886245727539,2.718864675306113,0.0624203489604102,0.2257373437883995,88.95870971679688,88.76158142089844,74.116943359375,2.586776847018492
2010-07-01,79.38137817382812,75.18537902832031,84.04823303222656,2.5588452581188297,0.1958360996744179,0.2788024028469148,96.45369720458984,88.95870971679688,88.76158142089844,2.718864675306113
2010-08-01,80.99386596679688,71.95153045654297,85.98257446289062,2.706907948356212,-0.2626409531890039,0.1232760978283504,79.38137817382812,96.45369720458984,88.95870971679688,2.5588452581188297
2010-09-01,71.16854858398438,68.94754028320312,69.29395294189453,2.5461071749243747,0.0235230969355124,0.2114159120076891,80.99386596679688,79.38137817382812,96.45369720458984,2.706907948356212
2010-10-01,65.99193572998047,62.0961799621582,76.16891479492188,2.418150617181132,0.0254689210826213,0.2121194488246495,71.16854858398438,80.99386596679688,79.38137817382812,2.5461071749243747
2010-11-01,94.70516967773438,98.68914794921876,83.2665023803711,2.4216672443642424,-0.1056856093288707,0.167818471367853,65.99193572998047,71.16854858398438,80.99386596679688,2.418150617181132
2010-12-01,97.20389556884766,100.3976821899414,91.7621078491211,2.231902166392352,-0.3906294768191203,0.093660628658035,94.70516967773438,65.99193572998047,71.16854858398438,2.4216672443642424
2011-01-01,79.42161560058594,76.59356689453125,78.8069839477539,2.12096919047592,0.0070037339373416,0.2054984011741193,97.20389556884766,94.70516967773438,65.99193572998047,2.231902166392352
2011-02-01,90.01448822021484,90.18933868408205,85.48683166503906,2.011119557708599,-0.2470232327671566,0.1272958275059531,79.42161560058594,97.20389556884766,94.70516967773438,2.12096919047592
2011-03-01,136.8883056640625,126.96572875976562,157.47984313964844,1.977927331630352,-0.2897090815230629,0.1165215997448034,90.01448822021484,79.42161560058594,97.20389556884766,2.011119557708599
2011-04-01,91.01776885986328,72.92317962646484,111.94474029541016,1.9900403206658832,-0.2371055601089622,0.1298953058979211,136.8883056640625,90.01448822021484,79.42161560058594,1.977927331630352
2011-05-01,105.34491729736328,95.5066375732422,123.82610321044922,2.0755319196162487,-0.1080815537860862,0.1670689004442119,91.01776885986328,136.8883056640625,90.01448822021484,1.9900403206658832
2011-06-01,84.391845703125,71.39112854003906,98.27275848388672,2.16296703659615,0.0082051291803932,0.2059254163603478,105.34491729736328,91.01776885986328,136.8883056640625,2.0755319196162487
2011-07-01,78.92475891113281,59.01904678344727,102.11175537109376,2.230047560528791,-0.0319670150591067,0.1919339426323196,84.391845703125,105.34491729736328,91.01776885986328,2.16296703659615
2011-08-01,86.95156860351562,63.504676818847656,112.49906158447266,2.833728165825183,-0.069162307475818,0.1795120514723376,78.92475891113281,84.391845703125,105.34491729736328,2.230047560528791
2011-09-01,83.35044860839844,70.606689453125,95.26744079589844,3.119604705232815,0.467309717177208,0.4022622315154661,86.95156860351562,78.92475891113281,84.391845703125,2.833728165825183
2011-10-01,76.33993530273438,64.18510437011719,92.34331512451172,2.811555805412423,-0.0628687101569549,0.1815776048452363,83.35044860839844,86.95156860351562,78.92475891113281,3.119604705232815
2011-11-01,83.15767669677734,95.57453155517578,70.11003875732422,2.9969737428104626,0.5328203152742259,0.43419155116883,76.33993530273438,83.35044860839844,86.95156860351562,2.811555805412423
2011-12-01,85.34132385253906,88.89408111572266,77.47647857666016,2.887846248209311,0.3137551413775021,0.3302608305370655,83.15767669677734,76.33993530273438,83.35044860839844,2.9969737428104626
2012-01-01,79.63497161865234,93.6095962524414,62.06843185424805,2.7676881241976568,0.220123598886035,0.2890772520146804,85.34132385253906,83.15767669677734,76.33993530273438,2.887846248209311
2012-02-01,92.4458236694336,104.2074966430664,78.59986114501953,2.520186964460113,0.0940322946110332,0.2377699074289875,79.63497161865234,85.34132385253906,83.15767669677734,2.7676881241976568
2012-03-01,88.75997924804688,87.85648345947266,85.85698699951172,2.4474592279630736,-0.3106750378934553,0.1114733208338904,92.4458236694336,79.63497161865234,85.34132385253906,2.520186964460113
2012-04-01,96.01668548583984,101.92078399658205,86.38436889648438,2.538137915788065,-0.1265098280661361,0.1613759182701442,88.75997924804688,92.4458236694336,79.63497161865234,2.4474592279630736
2012-05-01,78.17115783691406,80.6348876953125,69.74354553222656,2.8088297117930634,-0.0418353758335219,0.18858805343895,96.01668548583984,88.75997924804688,92.4458236694336,2.538137915788065
2012-06-01,77.82243347167969,70.23216247558594,82.17473602294922,2.76033544169666,0.2028674224163769,0.2817586623826251,78.17115783691406,96.01668548583984,88.75997924804688,2.8088297117930634
2012-07-01,82.80802154541016,79.33626556396484,91.00080108642578,2.6123006565514704,0.0352350146532614,0.2156711177073685,77.82243347167969,78.17115783691406,96.01668548583984,2.76033544169666
2012-08-01,74.87835693359375,70.9891586303711,78.11161804199219,2.53890200694308,-0.167976247322938,0.1490340263807578,82.80802154541016,77.82243347167969,78.17115783691406,2.6123006565514704
2012-09-01,69.28050994873047,68.40282440185547,65.87126159667969,2.4161729285678466,-0.1165037893291871,0.1644511674236269,74.87835693359375,82.80802154541016,77.82243347167969,2.53890200694308
2012-10-01,81.66366577148438,74.20600891113281,88.03089904785156,2.255822917817379,-0.1493697693362401,0.1544918083777645,69.28050994873047,74.87835693359375,82.80802154541016,2.4161729285678466
2012-11-01,81.38964080810547,75.65846252441406,89.04841613769531,2.350731439229929,-0.0184853615545357,0.196563227134476,81.66366577148438,69.28050994873047,74.87835693359375,2.255822917817379
2012-12-01,74.83155822753906,66.24052429199219,82.9786148071289,2.247295300257864,-0.135961938775555,0.158505586774577,81.38964080810547,81.66366577148438,69.28050994873047,2.350731439229929
2013-01-01,90.6574935913086,84.139892578125,108.9493179321289,2.12741943175995,-0.0661276140073083,0.1805061849452467,74.83155822753906,81.38964080810547,81.66366577148438,2.247295300257864
2013-02-01,81.59033203125,77.60531616210938,85.65817260742188,2.174290532518122,-0.0012269999968719,0.2025870966923075,90.6574935913086,74.83155822753906,81.38964080810547,2.12741943175995
2013-03-01,75.89672088623047,81.89175415039062,69.39681243896484,2.150776411008801,-0.0670773276940805,0.1801946981877612,81.59033203125,90.6574935913086,74.83155822753906,2.174290532518122
2013-04-01,95.10787200927734,99.5219497680664,87.4727554321289,2.0909162609731275,-0.0933804335596852,0.171702194151833,75.89672088623047,81.59033203125,90.6574935913086,2.150776411008801
2013-05-01,83.71731567382812,75.3292236328125,98.22759246826172,2.0012292470305635,-0.4736319634381121,0.0774891582632659,95.10787200927734,75.89672088623047,81.59033203125,2.0909162609731275
2013-06-01,82.97300720214844,78.82188415527344,86.63420104980469,2.1764912515128536,-0.3416319310513014,0.104308644005171,83.71731567382812,95.10787200927734,75.89672088623047,2.0012292470305635
2013-07-01,73.97581481933594,71.55718994140625,72.67587280273438,2.0514787645243766,0.0049546878032047,0.2047713173843542,82.97300720214844,83.71731567382812,95.10787200927734,2.1764912515128536
2013-08-01,90.95674896240234,80.73957824707031,106.97908782958984,2.023707017181413,-0.1115618135983553,0.1659839532416301,73.97581481933594,82.97300720214844,83.71731567382812,2.0514787645243766
2013-09-01,100.4593276977539,100.3842315673828,100.16348266601562,2.0944296946921708,-0.1190502077525068,0.1636649724998725,90.95674896240234,73.97581481933594,82.97300720214844,2.023707017181413
2013-10-01,72.95311737060547,65.50166320800781,78.73002624511719,1.998575804444788,-0.0215195812153041,0.1955154905186051,100.4593276977539,90.95674896240234,73.97581481933594,2.0944296946921708
2013-11-01,77.77902221679688,92.4988784790039,52.43838119506836,1.9520909285989307,0.018630123670889,0.2096528473390237,72.95311737060547,100.4593276977539,90.95674896240234,1.998575804444788
2013-12-01,70.37248992919922,70.09461212158203,66.79072570800781,1.7975490277920327,-0.1399107931851213,0.1573164122827489,77.77902221679688,72.95311737060547,100.4593276977539,1.9520909285989307
2014-01-01,77.91596984863281,70.48076629638672,83.1458969116211,1.8548803562631493,-0.294632799267422,0.1153217196631114,70.37248992919922,77.77902221679688,72.95311737060547,1.7975490277920327
2014-02-01,69.00352478027344,73.27865600585938,59.08655548095703,1.7555857707019369,-0.1935536657494616,0.1417441447483383,77.91596984863281,70.37248992919922,77.77902221679688,1.8548803562631493
2014-03-01,119.83855438232422,151.67477416992188,74.0618896484375,1.7056108603896605,-0.2646978757340452,0.1227533849336342,69.00352478027344,77.91596984863281,70.37248992919922,1.7555857707019369
2014-04-01,93.22154235839844,113.13993072509766,60.90629959106445,1.6496864261208846,-0.3471617827691626,0.1030647580764013,119.83855438232422,69.00352478027344,77.91596984863281,1.7056108603896605
2014-05-01,83.4288558959961,91.6987533569336,76.15043640136719,1.6479140874895015,-0.3624860886185779,0.0996740773659106,93.22154235839844,119.83855438232422,69.00352478027344,1.6496864261208846
2014-06-01,98.76710510253906,95.32296752929688,107.18201446533205,1.61700846123496,-0.2993431324359052,0.1141820844008011,83.4288558959961,93.22154235839844,119.83855438232422,1.6479140874895015
2014-07-01,138.7539520263672,162.71510314941406,118.54683685302734,1.674983802862948,-0.3139738581298827,0.1106934880376168,98.76710510253906,83.4288558959961,93.22154235839844,1.61700846123496
2014-08-01,136.44558715820312,158.59349060058594,112.11448669433594,1.6716660913902734,-0.3076350065996611,0.1121954506018768,138.7539520263672,98.76710510253906,83.4288558959961,1.674983802862948
2014-09-01,131.55665588378906,143.3953857421875,120.78192138671876,1.821713371081933,-0.2122054436928933,0.1365829515627802,136.44558715820312,138.7539520263672,98.76710510253906,1.6716660913902734
2014-10-01,83.66100311279297,86.33345031738281,77.19393157958984,1.9238379707890088,-0.2104691360515367,0.1370579139095061,131.55665588378906,136.44558715820312,138.7539520263672,1.821713371081933
2014-11-01,84.38005065917969,88.46994018554688,76.33753204345703,2.0873071283524887,0.0652788491091751,0.2268110189114123,83.66100311279297,131.55665588378906,136.44558715820312,1.9238379707890088
2014-12-01,86.5262222290039,81.27322387695312,96.23736572265624,2.1789462623808906,0.0847853719716384,0.23421425621145,84.38005065917969,83.66100311279297,131.55665588378906,2.0873071283524887
2015-01-01,111.9856948852539,83.50390625,153.33984375,2.2573650196858748,-0.0387788051889117,0.1896205253872572,86.5262222290039,84.38005065917969,83.66100311279297,2.1789462623808906
2015-02-01,111.92469787597656,118.22520446777344,107.79053497314452,2.0129841359402225,-0.2908758533504385,0.1162364671582673,111.9856948852539,86.5262222290039,84.38005065917969,2.2573650196858748
2015-03-01,104.23526763916016,117.48873138427734,83.63285064697266,2.123485207733539,-0.1290805576115512,0.1605919269455755,111.92469787597656,111.9856948852539,86.5262222290039,2.0129841359402225
2015-04-01,102.19049072265624,110.18872833251952,95.08645629882812,2.093875395082644,0.0082108109614948,0.2059274371009944,104.23526763916016,111.92469787597656,111.9856948852539,2.123485207733539
2015-05-01,76.2623291015625,77.66873168945312,72.86188507080078,2.100065928324434,0.0542751007978723,0.2226937455320628,102.19049072265624,104.23526763916016,111.92469787597656,2.093875395082644
2015-06-01,85.90596771240234,81.06608581542969,88.7894287109375,2.2186723027722204,0.1513367222304578,0.2604509420749766,76.2623291015625,102.19049072265624,104.23526763916016,2.100065928324434
2015-07-01,106.80866241455078,120.8429718017578,86.16881561279297,2.3525915555246084,0.2135808323932071,0.2862918640666305,85.90596771240234,76.2623291015625,102.19049072265624,2.2186723027722204
2015-08-01,82.47853088378906,85.33859252929688,74.0282974243164,2.46528808446267,0.4020242880552378,0.3710785743102524,106.80866241455078,85.90596771240234,76.2623291015625,2.3525915555246084
2015-09-01,98.7674560546875,115.88518524169922,79.34535217285156,2.679080027043383,0.5415880995809195,0.4385025217075664,82.47853088378906,106.80866241455078,85.90596771240234,2.46528808446267
2015-10-01,91.931884765625,79.726318359375,108.51441955566406,2.453369279631448,0.4271291317771002,0.3829823897962748,98.7674560546875,82.47853088378906,106.80866241455078,2.679080027043383
2015-11-01,150.71588134765625,113.04398345947266,213.99351501464844,2.5098478472125523,0.5136180104228207,0.4247780880831017,91.931884765625,98.7674560546875,82.47853088378906,2.453369279631448
2015-12-01,148.23687744140625,115.224365234375,204.6312713623047,2.721247378282408,0.683156088619775,0.5087625284657975,150.71588134765625,91.931884765625,98.7674560546875,2.5098478472125523
2016-01-01,118.21114349365234,124.23914337158205,109.5290985107422,3.1128751750469603,0.9223524479576608,0.6257350092211167,148.23687744140625,150.71588134765625,91.931884765625,2.721247378282408
2016-02-01,103.74964904785156,91.322021484375,117.58201599121094,3.128889557817826,0.954624521709302,0.6409004434057348,118.21114349365234,148.23687744140625,150.71588134765625,3.1128751750469603
2016-03-01,109.72029113769533,98.02693176269533,127.76814270019533,2.71276538527658,0.587672856597798,0.4612699425790555,103.74964904785156,118.21114349365234,148.23687744140625,3.128889557817826
2016-04-01,85.22145080566406,80.82244110107422,93.12298583984376,2.436361233496931,0.2425824759174051,0.29873411180572,109.72029113769533,103.74964904785156,118.21114349365234,2.71276538527658
2016-05-01,88.3324203491211,84.46136474609375,93.63965606689452,2.405362522681947,0.2554194178563316,0.3043187789644048,85.22145080566406,109.72029113769533,103.74964904785156,2.436361233496931
2016-06-01,90.16812896728516,80.51286315917969,100.8573760986328,2.505618155831571,0.0679474813957634,0.2278159732767454,88.3324203491211,85.22145080566406,109.72029113769533,2.405362522681947
2016-07-01,114.6104507446289,97.0980453491211,145.14874267578125,2.3113534675233507,0.0153401307119303,0.2084722547224169,90.16812896728516,88.3324203491211,85.22145080566406,2.505618155831571
2016-08-01,98.73848724365234,82.44046783447266,121.45369720458984,2.1162178410185297,-0.0139427383105457,0.1981381699184962,114.6104507446289,90.16812896728516,88.3324203491211,2.3113534675233507
2016-09-01,104.54522705078124,95.48959350585938,121.15049743652344,2.107125839234614,-0.0672201980808209,0.1801478688201696,98.73848724365234,114.6104507446289,90.16812896728516,2.1162178410185297
2016-10-01,85.74778747558594,79.64808654785156,100.30767822265624,1.9125956865393368,-0.0677432749173341,0.1799764824068354,104.54522705078124,98.73848724365234,114.6104507446289,2.107125839234614
2016-11-01,82.91875457763672,81.22564697265625,83.97505950927734,1.8231231688420144,-0.7445621994728955,0.0391705327625514,85.74778747558594,104.54522705078124,98.73848724365234,1.9125956865393368
2016-12-01,102.1804656982422,93.9366226196289,113.97946166992188,1.6868946420168809,-0.2398149053514189,0.1291815498789441,82.91875457763672,85.74778747558594,104.54522705078124,1.8231231688420144
2017-01-01,105.20123291015624,108.2770004272461,103.17117309570312,1.644188769651249,-0.1921799653906255,0.1421294205587511,102.1804656982422,82.91875457763672,85.74778747558594,1.6868946420168809
2017-02-01,114.20635986328124,125.66468048095705,97.15160369873048,1.5966505779991755,-0.1783995753810201,0.1460335564932481,105.20123291015624,102.1804656982422,82.91875457763672,1.644188769651249
2017-03-01,96.63587951660156,95.8384246826172,95.67454528808594,1.631957392009404,-0.1657109638697091,0.1496915225093897,114.20635986328124,105.20123291015624,102.1804656982422,1.5966505779991755
2017-04-01,119.45992279052734,127.44654846191406,108.06884002685548,1.6198128427609015,-0.1131192834350796,0.1654999006880808,96.63587951660156,114.20635986328124,105.20123291015624,1.631957392009404
2017-05-01,102.57996368408205,102.35460662841795,99.70480346679688,1.5849161310704296,-0.1601154976854304,0.1513238833070726,119.45992279052734,96.63587951660156,114.20635986328124,1.6198128427609015
2017-06-01,126.7890167236328,113.16846466064452,146.67166137695312,1.5639624105368584,-0.1189018499959837,0.1637107102209196,102.57996368408205,119.45992279052734,96.63587951660156,1.5849161310704296
2017-07-01,102.81346130371094,125.59920501708984,71.9550552368164,1.5088501709160551,-0.1429873520491584,0.1563939998396706,126.7890167236328,102.57996368408205,119.45992279052734,1.5639624105368584
2017-08-01,138.5316162109375,160.02310180664062,108.43595123291016,1.6233567580542243,-0.0734214865845181,0.1781226064190079,102.81346130371094,126.7890167236328,102.57996368408205,1.5088501709160551
2017-09-01,115.5344467163086,142.1448974609375,84.09626770019531,1.508109361545782,-0.2527713441939112,0.1258058887014493,138.5316162109375,102.81346130371094,126.7890167236328,1.6233567580542243
2017-10-01,91.4615707397461,109.23060607910156,69.15699768066406,1.4369356400155844,-0.2090455582478063,0.1374481708165329,115.5344467163086,138.5316162109375,102.81346130371094,1.508109361545782
2017-11-01,92.59601593017578,103.94397735595705,80.11587524414062,1.4518253597023092,-0.126565080665282,0.1613590417683812,91.4615707397461,115.5344467163086,138.5316162109375,1.4369356400155844
2017-12-01,82.71825408935547,95.908447265625,62.65747833251953,1.41158219166317,-0.1917288142405862,0.1422561074419761,92.59601593017578,91.4615707397461,115.5344467163086,1.4518253597023092
2018-01-01,92.42678833007812,107.64431762695312,75.66629028320312,1.276795388231348,-0.3975548306707335,0.0922228144982858,82.71825408935547,92.59601593017578,91.4615707397461,1.41158219166317
2018-02-01,64.49137115478516,74.68311309814453,52.002201080322266,1.3748957629406329,-0.2417866708222209,0.1286638159043187,92.42678833007812,82.71825408935547,92.59601593017578,1.276795388231348
2018-03-01,111.96229553222656,146.9270782470703,64.55758666992188,1.5364804319763146,-0.1010449696150359,0.169276442976956,64.49137115478516,92.42678833007812,82.71825408935547,1.3748957629406329
2018-04-01,123.2634735107422,146.39566040039062,94.30585479736328,1.4496385622868986,-0.2821807836922492,0.1183732743114933,111.96229553222656,64.49137115478516,92.42678833007812,1.5364804319763146
2018-05-01,125.66661834716795,172.21670532226562,63.21790313720703,1.535331486863481,-0.1937417345629652,0.1416914530023872,123.2634735107422,111.96229553222656,64.49137115478516,1.4496385622868986
2018-06-01,103.96858978271484,137.0244598388672,56.64043426513672,1.62195147873376,0.028216905753426,0.2131153447846162,125.66661834716795,123.2634735107422,111.96229553222656,1.535331486863481
2018-07-01,110.02842712402344,129.1023406982422,84.4084701538086,1.487674482682534,-0.1249357069965075,0.1618572055672239,103.96858978271484,125.66661834716795,123.2634735107422,1.62195147873376
2018-08-01,112.74168395996094,145.11407470703125,68.57559204101562,1.522980810235979,-0.0936532743959206,0.1716154633471454,110.02842712402344,103.96858978271484,125.66661834716795,1.487674482682534
2018-09-01,75.05390930175781,88.62364196777344,51.16391754150391,1.4314502632932729,-0.1750230533480186,0.1470010492930624,112.74168395996094,110.02842712402344,103.96858978271484,1.522980810235979
2018-10-01,92.0164794921875,115.21215057373048,61.15047454833984,1.583475549206519,0.0043029427874137,0.2045403732176209,75.05390930175781,112.74168395996094,110.02842712402344,1.4314502632932729
2018-11-01,80.40758514404297,105.16685485839844,47.40216827392578,1.7892943450416232,0.1496671351905001,0.2597747139403419,92.0164794921875,75.05390930175781,112.74168395996094,1.583475549206519
2018-12-01,90.607666015625,106.0626983642578,66.24092864990234,2.076983875361502,0.3514221449642352,0.3474664313865545,80.40758514404297,92.0164794921875,75.05390930175781,1.7892943450416232
2019-01-01,87.42410278320312,112.98045349121094,55.7335090637207,1.8296979501071595,0.1900103538681448,0.2763645087569275,90.607666015625,80.40758514404297,92.0164794921875,2.076983875361502
2019-02-01,96.80016326904295,127.857421875,57.51169967651367,1.648023567273897,0.0803797965007508,0.2325306221445982,87.42410278320312,90.607666015625,80.40758514404297,1.8296979501071595
2019-03-01,82.32829284667969,90.7895965576172,66.64120483398438,1.678767831675078,-0.1093285965911339,0.1666796188160844,96.80016326904295,87.42410278320312,90.607666015625,1.648023567273897
2019-04-01,79.25344848632812,95.45539855957033,57.51552963256836,1.5787228532921278,0.010459006531782,0.2067279366573188,82.32829284667969,96.80016326904295,87.42410278320312,1.678767831675078
2019-05-01,106.4719009399414,134.97251892089844,64.66343688964844,1.8163662753635728,-0.0036592133108181,0.2017315369347126,79.25344848632812,82.32829284667969,96.80016326904295,1.5787228532921278
2019-06-01,106.58845520019533,142.6534881591797,53.42063903808594,1.6896810147684789,0.0238139963278156,0.2115210033218813,106.4719009399414,79.25344848632812,82.32829284667969,1.8163662753635728
2019-07-01,93.52125549316406,126.93077850341795,47.41885757446289,1.630709798134868,-0.0308035911384461,0.1923307844518811,106.58845520019533,106.4719009399414,79.25344848632812,1.6896810147684789
2019-08-01,103.4044189453125,124.72541809082033,70.09744262695312,1.8082417618389148,-0.1450895319302385,0.15576577781295,93.52125549316406,106.58845520019533,106.4719009399414,1.630709798134868
2019-09-01,90.36798858642578,110.8709487915039,67.81023406982422,1.727684102858904,-0.2237176941708045,0.1334622876306887,103.4044189453125,93.52125549316406,106.58845520019533,1.8082417618389148
2019-10-01,97.83673095703124,121.31104278564452,69.96658325195312,1.7055084869357,-0.2192435809044641,0.134669224180431,90.36798858642578,103.4044189453125,93.52125549316406,1.727684102858904
2019-11-01,73.07838439941406,84.5873031616211,53.03253173828125,1.6393877480465997,-0.1637514849525971,0.1502618179046134,97.83673095703124,90.36798858642578,103.4044189453125,1.7055084869357
2019-12-01,74.27989196777344,80.11077117919922,63.33135223388672,1.48770080461116,-0.2747297792070133,0.1202263244495858,73.07838439941406,97.83673095703124,90.36798858642578,1.6393877480465997
2020-01-01,138.4209442138672,190.8443603515625,81.65093994140625,1.6649238906599395,-0.2359303797119847,0.130205745478452,74.27989196777344,73.07838439941406,97.83673095703124,1.48770080461116
2020-02-01,75.95555877685547,87.1624526977539,56.68605041503906,1.985197893932558,-0.1461231290361075,0.1554575054633213,138.4209442138672,74.27989196777344,73.07838439941406,1.6649238906599395
2020-03-01,81.54003143310547,97.09007263183594,62.90298843383789,3.821601559476067,1.196424980736181,0.7462481791773812,75.95555877685547,138.4209442138672,74.27989196777344,1.985197893932558
2020-04-01,69.33940124511719,81.76082611083984,47.59123229980469,2.885220268986319,0.6552541935185454,0.4948671555666981,81.54003143310547,75.95555877685547,138.4209442138672,3.821601559476067
2020-05-01,68.50721740722656,83.35546112060547,42.29555892944336,2.523248659135445,0.4116129830964361,0.3756113433013137,69.33940124511719,81.54003143310547,75.95555877685547,2.885220268986319
2020-06-01,71.22785949707031,85.86660766601562,49.760887145996094,2.32720257004988,0.0572807186985615,0.2238141093133496,68.50721740722656,69.33940124511719,81.54003143310547,2.523248659135445
2020-07-01,66.47328186035156,88.73797607421875,36.25208282470703,2.034657093281936,-0.1565070316340508,0.1523828342644334,71.22785949707031,68.50721740722656,69.33940124511719,2.32720257004988
2020-08-01,65.46604919433594,90.00911712646484,28.454627990722656,1.9389504967839983,-0.2808819621279805,0.1186948273099874,66.47328186035156,71.22785949707031,68.50721740722656,2.034657093281936
2020-09-01,80.37738037109375,101.25764465332033,49.51808166503906,2.054787910382472,0.004904043845062,0.2047533662728722,65.46604919433594,66.47328186035156,71.22785949707031,1.9389504967839983
2020-10-01,76.08316802978516,97.65258026123048,42.68144226074219,1.9313057458511995,-0.2041937398112605,0.1387839345817138,80.37738037109375,65.46604919433594,66.47328186035156,2.054787910382472
2020-11-01,70.06746673583984,79.03644561767578,62.31394577026367,1.6735373877406812,-0.4614360174754853,0.0797226276361761,76.08316802978516,80.37738037109375,65.46604919433594,1.9313057458511995
2020-12-01,64.06729125976562,86.81527709960938,31.744428634643555,1.4896297537846388,-0.4930551248258623,0.0740307038502329,70.06746673583984,76.08316802978516,80.37738037109375,1.6735373877406812
2021-01-01,77.418701171875,98.47562408447266,48.2874870300293,1.448576758916245,-0.6474255653045726,0.0505932362050932,64.06729125976562,70.06746673583984,76.08316802978516,1.4896297537846388
2021-02-01,73.95680236816406,94.48355865478516,46.326778411865234,1.393054352541517,-0.9446638830963334,0.0222050017568928,77.418701171875,64.06729125976562,70.06746673583984,1.448576758916245
2021-03-01,78.61876678466797,100.85202026367188,49.41804122924805,1.3310698499843054,-0.7405385923995516,0.0395979597449729,73.95680236816406,77.418701171875,64.06729125976562,1.393054352541517
2021-04-01,88.16622161865234,109.5869598388672,67.87379455566406,1.2693364790018504,-0.482259514087783,0.0759380995805908,78.61876678466797,73.95680236816406,77.418701171875,1.3310698499843054
2021-05-01,93.00713348388672,120.7828369140625,52.62611389160156,1.2615763511214366,-0.418103536446258,0.0880528019916335,88.16622161865234,78.61876678466797,73.95680236816406,1.2693364790018504
2021-06-01,74.12712097167969,92.54654693603516,46.34864044189453,1.183605750139321,-0.582205926572527,0.0596511702125121,93.00713348388672,88.16622161865234,78.61876678466797,1.2615763511214366
2021-07-01,58.42076873779297,64.03631591796875,50.7158317565918,1.2500590214901708,-0.5527759473885225,0.0641338975509925,74.12712097167969,93.00713348388672,88.16622161865234,1.183605750139321
2021-08-01,89.4865493774414,103.20159149169922,76.48285675048828,1.2450171976552442,-0.4763194878574912,0.0770034372402934,58.42076873779297,74.12712097167969,93.00713348388672,1.2500590214901708
2021-09-01,80.69696807861328,92.0473175048828,67.94027709960938,1.191488554195545,-0.6452658056461187,0.0508745617204353,89.4865493774414,58.42076873779297,74.12712097167969,1.2450171976552442
2021-10-01,79.02923583984375,93.80802917480467,61.149112701416016,1.184966054192951,-0.5261791327316505,0.0684064535699255,80.69696807861328,89.4865493774414,58.42076873779297,1.191488554195545
2021-11-01,86.56914520263672,121.5009536743164,39.74269104003906,1.3339431642823787,-0.4509419727446608,0.0816831124247244,79.02923583984375,80.69696807861328,89.4865493774414,1.184966054192951
2021-12-01,105.34542083740234,155.3102569580078,47.65493392944336,1.2477712134547096,-0.4462222792605992,0.0825765987532625,86.56914520263672,79.02923583984375,80.69696807861328,1.3339431642823787
2022-01-01,138.67498779296875,199.48751831054688,63.25152969360352,1.3625604769348278,-0.3516066296577427,0.1020727710250439,105.34542083740234,86.56914520263672,79.02923583984375,1.2477712134547096
2022-02-01,216.1590118408203,320.6058654785156,105.2183074951172,1.5254450988841224,-0.2170655307858844,0.1352594775016001,138.67498779296875,105.34542083740234,86.56914520263672,1.3625604769348278
2022-03-01,318.9549255371094,403.713623046875,250.9558563232422,1.418670001694918,-0.8609008106970115,0.028349074739422,216.1590118408203,138.67498779296875,105.34542083740234,1.5254450988841224
2022-04-01,191.14309692382807,221.9105529785156,184.41781616210935,1.5931882369811792,-0.3240315577876231,0.1083400242044802,318.9549255371094,216.1590118408203,138.67498779296875,1.418670001694918
2022-05-01,142.25848388671875,166.424560546875,140.13734436035156,1.5852150058080787,-0.1274134904784549,0.1611000457482459,191.14309692382807,318.9549255371094,216.1590118408203,1.5931882369811792
2022-06-01,130.7073211669922,160.72695922851562,114.81468963623048,1.9426505073017863,0.0667462785575312,0.2273633141434045,142.25848388671875,191.14309692382807,318.9549255371094,1.5852150058080787
2022-07-01,117.17676544189452,141.24293518066406,97.83872985839844,1.7252415195277504,0.008622666019783,0.2060739457804486,130.7073211669922,142.25848388671875,191.14309692382807,1.9426505073017863
2022-08-01,132.86322021484375,159.38302612304688,111.15857696533205,1.719299834317224,-0.0350709151618273,0.1908776625754368,117.17676544189452,130.7073211669922,142.25848388671875,1.7252415195277504
2022-09-01,131.98587036132812,170.31179809570312,108.6280746459961,1.8792381457461125,0.0199624735767309,0.2101320687810143,132.86322021484375,117.17676544189452,130.7073211669922,1.719299834317224
2022-10-01,143.16241455078125,185.2843017578125,112.6750259399414,1.6829683367318693,0.0988490817188865,0.2396337347457853,131.98587036132812,132.86322021484375,117.17676544189452,1.8792381457461125
2022-11-01,116.7162857055664,143.0465545654297,98.68260955810548,1.5778443148467316,-0.2248374432092739,0.1331613918174578,143.16241455078125,131.98587036132812,132.86322021484375,1.6829683367318693
2022-12-01,111.19593811035156,119.1385269165039,109.772216796875,1.524040549478112,-0.0072452444001023,0.2004740627329627,116.7162857055664,143.16241455078125,131.98587036132812,1.5778443148467316
2023-01-01,104.2670440673828,113.02135467529295,94.62993621826172,1.4220222851460562,-0.0180422936510493,0.1967165056217857,111.19593811035156,116.7162857055664,143.16241455078125,1.524040549478112
2023-02-01,120.99437713623048,147.05015563964844,103.02875518798828,1.490517774457922,-0.1458297861809281,0.155544954603311,104.2670440673828,111.19593811035156,116.7162857055664,1.4220222851460562
2023-03-01,105.37997436523438,125.08584594726562,86.75404357910156,1.5360162713938208,-0.1775451118970281,0.1462779851903896,120.99437713623048,104.2670440673828,111.19593811035156,1.490517774457922
2023-04-01,106.80965423583984,118.16682434082033,93.2484130859375,1.5438523623657625,0.2079149381137557,0.2838901217130405,105.37997436523438,120.99437713623048,104.2670440673828,1.5360162713938208
2023-05-01,108.46768188476562,122.47150421142578,92.75943756103516,1.5763503907814898,0.1562846341598325,0.262460291864426,106.80965423583984,105.37997436523438,120.99437713623048,1.5438523623657625
2023-06-01,110.52894592285156,129.40652465820312,95.2789077758789,1.4186196659867951,0.1960446215083362,0.2788898564226658,108.46768188476562,106.80965423583984,105.37997436523438,1.5763503907814898
2023-07-01,107.44878387451172,123.80915069580078,91.76800537109376,1.311591299814524,0.0348098652919142,0.2155157879188266,110.52894592285156,108.46768188476562,106.80965423583984,1.4186196659867951
2023-08-01,101.14118194580078,117.60943603515624,83.60504913330078,1.346882413110834,0.0904757891015744,0.2363988577216264,107.44878387451172,110.52894592285156,108.46768188476562,1.311591299814524
2023-09-01,98.6348114013672,125.65179443359376,68.4659194946289,1.335822239113487,0.0066001906266801,0.205355086720925,101.14118194580078,107.44878387451172,110.52894592285156,1.346882413110834
2023-10-01,197.8870086669922,205.04005432128903,221.80393981933597,1.4308588258293018,0.2431645078299025,0.2989863120922569,98.6348114013672,101.14118194580078,107.44878387451172,1.335822239113487
2023-11-01,156.69613647460938,143.49435424804688,189.5543975830078,1.1958468493043797,-0.0636851249821208,0.1813088216891993,197.8870086669922,98.6348114013672,101.14118194580078,1.4308588258293018
2023-12-01,142.2794647216797,136.1783905029297,173.96380615234375,1.1453675048574186,-0.2108948058949165,0.1369413687673763,156.69613647460938,197.8870086669922,98.6348114013672,1.1958468493043797
2024-01-01,160.3736572265625,140.83609008789062,208.4711456298828,1.1057752737344368,-0.0491787700359498,0.1861217478517673,142.2794647216797,156.69613647460938,197.8870086669922,1.1453675048574186
2024-02-01,146.59817504882812,140.2446746826172,171.18118286132812,1.10719800827251,-0.1142265904837096,0.1651563120387796,160.3736572265625,142.2794647216797,156.69613647460938,1.1057752737344368
2024-03-01,133.21316528320312,121.53968048095705,151.81399536132812,1.0567536597217977,-0.0718967359824809,0.1786192351539421,146.59817504882812,160.3736572265625,142.2794647216797,1.10719800827251
2024-04-01,163.9473419189453,170.697998046875,165.99069213867188,1.0201704690172144,-0.1855766472863103,0.1439913110991359,133.21316528320312,146.59817504882812,160.3736572265625,1.0567536597217977
2024-05-01,130.52186584472656,131.44712829589844,133.154296875,0.9879138377647992,-0.1127805875149929,0.1656050876375026,163.9473419189453,133.21316528320312,146.59817504882812,1.0201704690172144
2024-06-01,113.0927963256836,125.71302795410156,109.73841094970705,1.0983167248331416,-0.0066103013193759,0.200696367637702,130.52186584472656,163.9473419189453,133.21316528320312,0.9879138377647992
2024-07-01,92.3948745727539,95.1602783203125,95.11029815673828,1.0746806022053754,-0.0688144068767198,0.1796258450601119,113.0927963256836,130.52186584472656,163.9473419189453,1.0983167248331416
2024-08-01,140.97506713867188,124.80498504638672,165.17947387695312,1.0978625528503574,-0.0167624085917239,0.1971596858246132,92.3948745727539,113.0927963256836,130.52186584472656,1.0746806022053754
2024-09-01,130.35877990722656,134.03704833984375,135.5546112060547,1.0528666246250042,-0.075157936330326,0.177558086072455,140.97506713867188,92.3948745727539,113.0927963256836,1.0978625528503574
2024-10-01,130.689208984375,128.40969848632812,142.81838989257812,0.9863427948130566,-0.3438005855721578,0.1038195358683913,130.35877990722656,140.97506713867188,92.3948745727539,1.0528666246250042
2024-11-01,128.90164184570312,139.14866638183594,127.42887115478516,0.951223994652854,-0.2058993720817087,0.1383133494259765,130.689208984375,130.35877990722656,140.97506713867188,0.9863427948130566
2024-12-01,142.36643981933594,128.26246643066406,164.81373596191406,0.9374064354380798,-0.4431230021503776,0.0831673126282243,128.90164184570312,130.689208984375,130.35877990722656,0.951223994652854
2025-01-01,113.233154296875,117.08644104003906,109.50493621826172,0.8983303350623236,-0.2795974769897705,0.1190134374457619,142.36643981933594,128.90164184570312,130.689208984375,0.9374064354380798
2025-02-01,136.9805908203125,138.7676544189453,140.7871551513672,0.9965666746039382,-0.2337069009416646,0.1307945106928223,113.233154296875,142.36643981933594,128.90164184570312,0.8983303350623236
2025-03-01,175.30819702148438,195.3491973876953,159.033203125,1.1198230065925068,-0.0138701537315251,0.1981633969205146,136.9805908203125,113.233154296875,142.36643981933594,0.9965666746039382
2025-04-01,140.97369384765625,159.25746154785156,132.05572509765625,1.261040733436139,-0.0695808662904664,0.179375206601709,175.30819702148438,136.9805908203125,113.233154296875,1.1198230065925068
2025-05-01,166.0472412109375,203.87728881835935,149.2124481201172,1.0196549906723686,-0.1825387211961968,0.14485339395673,140.97369384765625,175.30819702148438,136.9805908203125,1.261040733436139
2025-06-01,221.1349029541016,286.4390869140625,182.07473754882807,0.9855849407707096,-0.196877316127643,0.140814903237838,166.0472412109375,140.97369384765625,175.30819702148438,1.0196549906723686
2025-07-01,134.2220001220703,156.11004638671875,119.33242797851562,0.9199833831273884,-0.2171775405578664,0.1352290795734965,221.1349029541016,166.0472412109375,140.97369384765625,0.9855849407707096
2025-08-01,138.98846435546875,160.41519165039062,121.7310562133789,0.9348472269813022,-0.1654519442375623,0.1497668257883971,134.2220001220703,221.1349029541016,166.0472412109375,0.9199833831273884
2025-09-01,125.86952209472656,141.8061065673828,114.78914642333984,0.88615521730754,-0.298595751602086,0.1143623710978895,138.98846435546875,134.2220001220703,221.1349029541016,0.9348472269813022
2025-10-01,154.51292419433594,167.99813842773438,151.54867553710938,0.932023578470577,-0.2656561480836203,0.1225103967057154,125.86952209472656,138.98846435546875,134.2220001220703,0.88615521730754
2025-11-01,104.35176849365234,118.69731903076172,88.69731140136719,0.9376503619238256,-0.210881166556857,0.1369451020630478,154.51292419433594,125.86952209472656,138.98846435546875,0.932023578470577
2025-12-01,130.9558563232422,144.90623474121094,121.78854370117188,0.902450913439314,-0.2198327414327934,0.1345098654174832,104.35176849365234,154.51292419433594,125.86952209472656,0.9376503619238256
2026-01-01,168.62986755371094,220.17141723632807,100.22209930419922,0.8490408343273201,-0.2706113944090502,0.1212592848293346,130.9558563232422,104.35176849365234,154.51292419433594,0.902450913439314
2026-02-01,120.74515533447266,157.46743774414062,81.67977142333984,0.9689623419415768,-0.2678167407087795,0.1219637761104224,168.62986755371094,130.9558563232422,104.35176849365234,0.8490408343273201
2026-03-01,329.653564453125,318.0307312011719,448.65478515625,1.0273265514201706,-0.2731882609795901,0.1206122348536023,120.74515533447266,168.62986755371094,130.9558563232422,0.9689623419415768
2026-04-01,250.80728149414065,268.3531799316406,307.2479248046875,0.9156964352627556,-0.219095263182532,0.1347093622247238,329.653564453125,120.74515533447266,168.62986755371094,1.0273265514201706
